0,22130056.619999997,361304.2,207641.58000000002,18700052.3,25374579.279999997,20778225.479999997,18957505.040000003,9704228.639999999,2837451.02,588711.2,23578455.860000003,37694857.3,19219759.14,21759438.240000002,19243355.119999997,2776359.2,665015.28,22982292.82,30822037.579999994,13340639.739999998,14105745.5,21801113.139999997,904099.8
1,20460936.16,84400.86,173246.75999999998,18771220.4,19312932.5,17303742.360000003,18920881.56,16333653.9,1831327.7,282456.6,31917451.639999997,37510839.980000004,22775992.419999998,27444158.159999996,18698688.479999997,2245833.62,712827.52,21993486.68,50099295.68000001,12523401.06,14650942.459999999,29756075.060000002,1128705.42
2,23108637.32,139393.6,578508.4,19939294.26,20239249.44,13578703.2,21072018.060000002,15415529.5,1204082.0,373781.8,32179430.96,38020970.599999994,21696430.7,20137456.78,11933305.4,378532.8,540061.78,22817726.96,49269814.1,13354522.940000001,16812007.020000003,23611788.74,790063.2
3,26115846.48,81091.2,527713.22,19317103.919999998,17877055.22,20275638.06,20309235.860000003,16636821.120000001,1301057.06,271596.8,29551412.76,29551281.68,24394270.1,15116041.939999998,12662622.620000001,351947.4,522193.94000000006,18751099.240000002,45391654.96,18088681.98,22051304.98,22815785.02,509153.4
4,24030315.220000003,989372.3,319046.82,20282748.38,17807735.04,17246127.900000002,21345737.38,15483354.34,1213316.4,499194.8,24335225.660000004,26706014.4,25210735.499999996,19533208.52,15141080.14,344548.8,647685.88,25019174.559999995,51770943.38000001,15218555.12,18065400.82,22494655.0,437745.0
5,17799034.5,439254.8,425339.9800000001,21129644.580000002,17469292.8,22296062.74,20468340.040000003,18007377.86,1127188.0,236237.4,14479375.36,31338106.22,30486136.420000006,17279228.82,14901832.500000004,513248.4,808925.24,25157291.619999997,50958670.4,18799420.82,17845393.259999998,30717792.96,1256208.4
6,17825202.94,256708.0,450965.0,20531470.12,22982394.52,16926428.419999998,17243230.520000003,18817014.380000003,1142697.8599999999,291307.2,25165451.6,37622784.54000001,23180894.1,15173085.419999998,12155372.64,303999.2,906435.6599999999,24559806.52,40771050.14,10238012.64,18947152.78,26951914.32,1804414.8
7,20162307.54,1060231.48,348687.22000000003,17948180.6,15375069.6,14029194.48,19724370.02,16950152.48,766136.0,262655.4,19227690.520000003,41309390.46,27668273.6,15114467.02,11093647.36,577436.02,1144461.2,16394990.12,42189465.58,15338331.02,17834134.259999998,21050731.4,1198028.4
8,18576125.080000002,1541104.2,623059.72,19072280.2,12024252.66,23078667.939999998,21428896.18,12722662.540000001,1039846.72,233319.2,19347832.860000003,48169920.89999999,24759481.740000002,13126362.920000002,9903864.440000001,809851.0599999999,730150.42,17463089.240000002,38890203.9,19566558.3,23541580.199999996,22758374.54,699468.2
9,16306823.98,812965.8,243279.6,17610915.080000002,11328137.58,24233259.14,15397755.020000001,18124938.82,1048198.8800000001,270448.8,13584017.219999999,37255620.68000001,25698504.839999996,12099796.88,17142269.84,509686.4,731045.26,20328947.380000003,38253501.71999999,20805064.0,22223619.1,18831635.72,883108.2
10,12485079.459999999,247612.2,342364.98,12657310.6,9438653.92,23933343.119999997,15223775.76,13384332.66,1903782.9,545315.08,11884062.8,39718060.68000001,29660319.7,13662836.780000001,13991519.16,1163443.4,775204.1,19978562.32,34647093.42,26240996.759999998,19250667.240000002,18555789.560000002,927919.26
11,10574755.0,314392.0,406594.8,16044804.52,12927540.780000001,24907277.7,11037238.92,12539917.1,1439009.44,571095.4,13121615.040000001,33045759.619999997,33706282.660000004,17693205.119999997,14910830.4,1959918.0,736015.62,14904188.8,22634540.779999997,28346205.619999997,27679821.4,17257620.240000002,934855.28
12,15997312.959999999,268085.0,171831.6,15851028.26,11414282.920000002,31418869.839999996,10924454.819999998,19065783.020000003,1078262.4,345599.4,17407447.0,28174309.8,26845155.8,9064109.819999998,11018383.559999999,1214662.8599999999,1131605.0799999998,14276496.779999997,21806567.76,28856340.919999998,30844839.879999995,12046628.5,839726.8
13,14584173.959999999,336985.0,690271.0,16294908.180000002,10832180.26,28898560.679999996,16329042.339999998,14628753.959999999,1347285.0,656284.1799999999,17185769.86,31286521.0,23426307.06,9848281.540000001,8468693.74,1202953.2799999998,791969.5,14453506.819999998,16933378.380000003,26260374.56,26974095.939999998,13641576.26,709975.64
14,13437909.219999999,260012.2,456665.0,13693527.9,12760336.620000001,32917949.1,11373698.799999999,16561411.959999999,1365666.6,614669.8,12629911.5,28854222.1,29751698.360000003,11214090.459999999,7851022.220000001,1214015.02,361422.75999999995,14427816.679999998,20303412.080000002,29921569.1,33800446.5,9770030.379999999,643328.6
15,14405504.059999999,302826.2,122573.0,14130413.3,10620535.819999998,29466027.419999998,17058372.779999997,11527498.36,1394441.6400000001,800341.36,15186540.76,25281035.380000003,35396377.400000006,9535383.040000001,7336569.2,1234334.4,660021.5599999999,16184005.719999999,17262522.7,24280141.240000002,23692677.120000005,11064267.719999999,391981.4
16,10325300.760000002,587645.8,293707.0,12977037.120000001,13176374.64,23794401.98,12414420.180000002,10439781.280000001,1850975.44,397598.14,10682360.86,15673410.98,25834537.740000002,13935635.440000001,7370337.68,337787.6,713793.1,11853895.419999998,18119753.04,24782317.14,11863889.22,12358280.8,414690.6
17,5815196.04,658454.6,449633.4,9417326.5,11954372.88,28102870.660000004,13903647.38,10639672.720000003,1816272.8799999997,679070.6,11333197.3,12119494.02,13831148.6,6294036.180000001,6850630.56,747715.62,592491.74,13305995.34,16516068.779999997,18700798.740000002,9539269.879999999,8073855.68,946016.2
18,5976145.18,337471.4,109240.4,7382508.4799999995,10924254.6,16557539.36,9541133.56,10151564.379999999,2782450.6,764742.4,8246909.68,10373852.1,14070838.38,7825156.3,9277807.38,697995.8400000001,529054.98,7425186.68,17722624.580000002,13985078.940000001,5844719.380000001,8679804.74,721904.0
19,6967254.859999999,1034045.18,285397.6,8158188.6,10118572.52,14601480.5,5508527.8,11711932.16,2005768.3,734329.4,9280516.16,9218693.16,13595598.020000001,8551297.12,3923376.12,1102329.42,677240.74,9239905.940000001,12519435.82,14122301.2,8211688.019999999,11160162.580000002,465545.4
20,13641255.86,1474666.6400000001,606543.8,8443208.82,9298440.38,12771897.76,6387885.299999999,8024491.459999999,868192.6199999999,598588.02,11391125.78,9793014.38,14982131.180000002,8900597.16,5422422.62,1488250.04,817664.3,10913788.94,13050228.080000002,14988297.680000002,5589420.4,10158136.78,504161.2
21,11668225.92,834371.9,1039287.2,9364138.16,10369081.08,13655601.86,9509160.6,6799182.159999999,1170449.8199999998,456226.77999999997,9468966.98,9701341.719999999,15201088.179999998,5278682.619999999,4690213.84,1304728.96,829120.48,9717518.02,14275387.88,16988635.48,5182453.779999999,10262935.22,514343.6
22,12815747.059999999,657757.0,801926.7999999999,8676452.2,7529943.92,10547631.940000001,5724345.12,6308510.34,947351.0199999999,557140.4,6241040.2,12577130.4,8547831.26,8015762.159999999,4197491.74,1913044.2399999998,1355278.9200000002,7596523.300000002,12397693.700000001,12371650.58,12260102.82,10192498.66,1817633.78
23,12587164.719999999,791143.36,577685.42,8584616.76,12459650.040000001,12363375.2,6518035.76,7904568.9799999995,2942809.28,834189.6,9559344.440000001,10708425.679999998,7175546.220000001,7433540.74,7184841.44,1094991.56,697272.24,5770629.86,14420980.2,8336111.7,11879632.14,7345697.8,1190981.1199999999
24,12225614.14,605489.2,763366.12,7518519.5200000005,8005129.779999999,11783377.720000003,4175938.9799999995,6641438.959999999,1549733.6199999999,727618.48,8851173.3,8242338.359999999,9197456.1,11111092.16,5864587.08,631237.3400000001,567671.22,4084487.4200000004,14159919.1,6772902.6,6819528.1,7027752.4399999995,941347.72
25,16743171.16,699754.9600000002,344100.66,8847454.12,6853059.539999999,9295103.8,8256104.659999999,5029320.0200000005,1785047.8800000001,516823.6,7323349.18,8089588.42,8456638.34,9685322.9,5472426.82,648265.4400000001,1085259.9,5754519.0,13714977.540000001,5996254.0600000005,8359385.159999999,8363335.360000001,913677.54
26,14320204.040000001,897151.36,277870.32,9688863.040000001,5184642.24,6619500.76,8353367.400000001,4381778.2,433553.75999999995,324559.2,6153363.74,8648779.02,8009716.06,5163006.58,5814943.34,344538.6,703600.26,5827519.12,7904718.42,7440628.74,6944358.1,7455934.32,542810.6
27,6571405.08,531564.16,1023084.86,5529911.9799999995,3960479.6799999997,5763776.180000001,5799830.08,7081370.9799999995,2187120.88,210291.8,4905774.4,6341008.42,7733737.7,6541409.859999999,3095914.7399999998,599984.8200000001,646946.7599999999,7495386.56,7369172.88,3894387.04,7278860.3,10102482.899999999,686115.0
28,6319186.74,633630.4,500447.95999999996,7889927.44,5832890.6,7484728.860000001,6593604.04,5662297.66,1079451.9,200446.0,7113767.140000001,8051769.12,3434330.5799999996,4352214.74,4803249.68,743239.02,991885.6199999999,5376277.140000001,5851133.04,6967385.959999999,12591379.7,7882945.039999999,354601.4
29,5474995.48,441079.16,475407.64,9090973.1,6864640.880000001,7207167.8,12125893.419999998,5103475.36,1295687.8,343327.14,9418239.0,7886241.08,3720187.4599999995,5751140.12,5932237.88,382299.2,590043.12,6421379.26,5505904.32,5864008.38,7067824.840000001,7821534.400000001,542987.8
30,8796138.219999999,365099.33999999997,769521.8400000001,5978065.92,3248620.96,5681911.62,7061084.82,6254306.3,303358.0,748431.6,8313284.540000001,5434723.0600000005,4039441.0,5623700.9799999995,5744490.7,533311.0,645976.4,5978349.4,5298090.3,6562012.18,6665865.7,9155110.46,604096.48
31,4732573.159999999,986565.86,574880.04,9390983.86,4931603.140000001,4043145.44,8180746.18,5359259.540000001,282127.8,399529.4,6667910.279999999,6099437.5200000005,6005151.720000001,3985854.2,4314843.46,592463.8200000001,994051.9400000001,5415318.659999999,3531092.04,6709967.5600000005,5066953.66,5587694.88,666073.0599999999
32,2754023.16,177696.8,951482.3400000001,6957703.640000001,4145652.56,5329855.94,7207276.359999999,5082759.9399999995,1112041.2,543889.8,4494441.319999999,8662632.879999999,4716642.82,6064084.92,6034566.8,466896.22000000003,588504.58,5312045.06,5882334.160000001,6013057.720000001,6522238.840000001,9592806.379999999,391475.8
33,6227553.26,175122.6,107996.8,8810953.7,7811792.5,7726365.380000001,8158646.720000001,6899835.32,237710.2,342892.2,5898529.78,10929242.84,5800481.8,4174012.44,6032513.4,423784.48,834032.6799999999,4292260.04,8691598.0,8692615.64,6574874.76,9367958.82,665504.0
34,6129993.640000001,160581.6,197362.8,11681817.0,16738737.559999999,6234304.16,8027377.08,6203687.5600000005,535825.0,399846.82,4761522.880000001,21835372.52,6536805.66,5748077.48,7211112.720000001,425087.8,640037.4,6907789.58,19178588.82,9141432.040000001,5981152.0,8176746.119999999,1331052.5399999998
35,5262710.84,258921.6,503569.8,8650829.4,20132485.4,6376173.98,5129031.14,3583739.88,255506.4,519115.0,7525633.659999999,27473407.26,5846642.84,8670487.7,7104691.540000001,627043.6799999999,1156357.8199999998,10414850.92,29592311.4,9266861.879999999,5641420.32,7660194.6,585779.2
36,4961546.08,180762.4,91263.8,8672110.919999998,27188429.959999997,4422146.58,5884822.720000001,2905895.56,805336.42,585849.1799999999,7837322.280000001,21154999.9,4163140.860000001,6544693.8,7187773.319999998,795635.06,411159.4,16225402.26,31573192.720000006,10923987.180000002,4216394.779999999,6601852.4399999995,608759.6
37,5992718.18,174104.8,99330.6,6552022.26,29783808.98,5766749.64,5129184.92,3692961.2599999993,1407958.78,458901.42000000004,6183183.1,22365789.020000003,4299343.26,4889322.119999999,6029348.56,562744.22,955130.0,11493426.72,31159684.82,6858896.4799999995,4511275.04,8579230.74,1033286.18
38,6496337.04,434379.2,385527.6,6869849.12,23067008.639999997,3296799.84,4721194.92,6760973.88,502959.0,261086.4,8414743.379999999,23601987.3,7074086.56,5641659.3,8017256.319999998,307229.0,607913.2,6222890.540000001,29849484.759999998,7414749.840000001,8074168.140000001,9021654.16,766728.6
39,7174597.42,206525.58000000002,1682085.8,7870959.74,16819541.359999996,3290520.68,5153169.5,5015611.22,368939.0,459370.2,5921329.32,26770002.080000002,9539911.5,5714170.22,7315314.219999999,508280.0,444065.34,7000176.9,25794265.520000003,8791350.48,5972038.32,6763376.220000001,1339158.3199999998
40,5538557.159999999,1951004.2600000002,1183633.58,9121330.94,11823140.2,4346555.3,6320083.720000001,4168885.56,842350.46,1367384.0,7294090.9,23730468.8,5724906.700000001,4953577.6,8804061.1,338231.22000000003,746844.2,6441903.4,33970653.220000006,8866603.540000001,6385688.8,5174556.92,1004381.24
41,4870928.58,427054.27999999997,297250.8,10904482.34,14476830.02,6582994.760000001,5707928.279999999,7123374.58,872169.4,556998.4,3151675.12,22826378.52,4367325.819999999,6147301.0,8404489.940000001,443323.4,337467.18,7121704.959999999,30039654.559999995,6649017.319999999,6125561.68,6202273.8,873696.3
42,7177463.720000001,582421.6599999999,127654.92,7774178.419999999,13972365.02,5197268.8,6542961.4799999995,4097810.5200000005,839406.82,1713545.6,6321833.36,19705332.939999998,6102699.040000001,9963080.6,8289581.0200000005,822514.2,1727698.1800000002,5969305.5600000005,11100831.720000003,4547855.42,6702178.6,7192865.840000001,508662.52
43,7739372.7,200345.86000000002,1947421.86,9304308.760000002,11113182.879999999,3061531.2199999997,6800115.38,5544121.3,506661.2,1164641.4,6614922.54,13672754.02,7102121.6,13118247.0,10118539.4,698086.46,1177875.7,7398621.68,4792929.2,6288024.82,5426035.08,7907425.26,1036838.64
44,9910927.059999999,637165.5599999999,854476.1199999999,8937144.020000001,15482748.64,4650996.720000001,8609343.7,5760427.779999999,428119.18,1171085.6800000002,5881283.06,9991604.459999999,6428330.1,7587934.18,9373616.2,469507.25999999995,705271.9400000001,6758992.0,11410658.540000001,6769145.640000001,4091477.84,9783425.0,713686.02
45,7477205.0,1590545.92,337973.04,11416658.52,17516368.02,5859344.58,9796041.440000001,5077649.84,546210.58,1134336.8,9071607.78,8289802.06,7202180.960000001,8224641.0200000005,7092177.0200000005,472013.86,653043.8400000001,8119307.68,7940530.340000001,4689995.720000001,6431163.66,11752977.879999999,755971.8
46,8656916.48,1415468.1199999999,856600.14,9194824.8,21372337.880000003,7518759.340000001,7431033.659999999,3635623.46,624265.2,646841.36,14142702.5,8714812.32,5064843.84,7378254.639999999,4556226.18,407024.04,1279510.04,11181910.78,7603108.82,5100355.42,6288966.32,7439082.9799999995,1019923.2
47,7004891.5200000005,1573019.8,1146653.1199999999,7008370.040000001,16378794.720000003,7213483.640000001,8442078.6,3516416.3600000003,342270.0,570325.26,5519354.140000001,15125394.919999998,5377575.220000001,5601523.54,4690117.42,443413.8,1640586.46,12376846.1,6499015.88,4363756.9,4144522.9,6076442.8,1322751.28
48,5791595.1,544797.2,104096.6,8804236.44,16051134.319999998,7196936.5200000005,7868397.56,4899577.74,2405425.88,1145546.46,7315513.319999998,14079797.36,8133342.9799999995,4616454.279999999,3777251.2399999998,515314.54000000004,433232.55999999994,10458579.940000001,7702623.040000001,5061295.859999999,5934248.18,6467096.8,1446688.3199999998
49,7579758.1,851354.2,451699.02,8502082.040000001,14357633.940000001,10058573.3,5606825.0600000005,4600530.46,1814000.56,649169.2,4388647.68,15413214.0,13445095.86,5140420.24,3310607.02,1055032.22,611999.4400000001,10038983.62,14471115.020000001,6396967.24,8078827.319999998,7623942.26,1391091.3800000001
50,8705044.92,176561.8,769185.88,10172217.16,7439094.32,6243252.459999999,6704079.1,4699757.9,504032.6,329781.18000000005,5156932.62,11691553.84,9911093.86,6008957.38,7944224.0,1866335.0,747607.3,10393737.58,11466407.86,7405602.5600000005,7839757.139999999,8169956.340000001,719105.2
51,6799661.26,76972.8,366384.6,8780599.34,6358081.260000001,7371728.359999999,9734119.679999998,5041015.9,538468.4,488882.52,7038005.24,6752201.38,6243653.24,5768454.3,6238517.0600000005,1244058.02,484380.57999999996,7248877.419999999,6987199.340000001,5119577.279999999,4885613.9799999995,5059730.220000001,643480.54
52,5921070.319999999,411248.0,422196.8,8100534.26,8413356.5,7270729.5200000005,8926466.18,3459885.16,360149.0,359159.6,3686913.2399999998,7564693.880000001,4476959.9,7239265.640000001,4518357.22,1014063.6199999999,394833.66000000003,3250059.5000000005,7423480.080000001,7401895.88,5909671.64,5288419.48,717806.76
53,5048200.2,349049.2,202205.9,11704851.0,9139451.32,4276431.66,10139273.3,5588272.76,562502.8400000001,543140.6599999999,3911392.1800000006,6189212.459999999,5884783.5,5711518.9,3600199.439999999,2095596.6199999999,388469.66000000003,2978165.04,4895082.24,10296142.280000001,5748259.74,3397953.8599999994,797588.3
54,2874470.2,502415.22000000003,283421.42000000004,9463243.200000001,7578973.959999999,6822969.360000001,8524786.02,4760730.26,1938501.7399999998,429089.98,7570753.9799999995,9028700.059999999,10560309.42,7608229.140000001,3784245.06,1670372.06,413689.06,2116645.22,5743343.16,8602472.18,8308001.9799999995,4834148.659999999,721091.4600000001
55,5221302.319999999,61071.4,338488.24,7023738.5200000005,6966552.2,6513576.159999999,8869425.6,4582926.96,677924.28,1082041.1,11053408.02,8247931.360000001,7924636.340000001,7332934.42,4294363.96,1012456.22,460546.48,2884881.8400000003,5924852.0,7486777.6000000015,9221951.72,3527468.56,665567.22
56,12842664.979999999,176390.8,1515909.04,8818011.98,7159904.24,4560813.6,10239812.5,4989913.9399999995,965809.1599999999,871433.22,7722025.040000001,6930637.24,5118712.119999999,8012480.92,4783113.2,440079.8,496267.07999999996,3968398.9,5986238.4799999995,10033909.02,6821141.94,6139557.86,737965.4400000001
57,9036888.9,1275666.4,1815739.02,7002178.4399999995,7118789.919999999,4506574.26,10095022.92,5626336.92,513582.45999999996,768895.14,7540712.1,7974520.4799999995,5643984.16,6012196.62,6298665.680000001,1007246.6199999999,463997.04000000004,3457100.28,9817547.02,12104792.6,6308212.92,3521611.1,872962.8400000001
58,4732842.220000001,611798.72,1402515.74,4436959.32,5928979.140000001,3290706.6399999997,5546300.8,3874980.3800000004,693854.3400000001,790878.4400000001,9697933.3,7116605.76,6293591.0600000005,5604287.680000001,7145058.9799999995,741395.22,461654.86,4459510.96,5277519.5600000005,12130030.280000001,7813156.62,4917516.62,560275.52
59,5077333.659999999,712674.46,907071.4399999998,5820991.680000001,6435164.540000001,6716252.720000001,5622669.0,2945399.34,1663195.6,678307.1799999999,6336270.58,4899066.88,6921401.1,6780796.08,6164218.86,495442.22000000003,576519.0599999999,7479915.260000001,5047418.6,14482622.38,7513860.480000001,5633115.720000001,669675.96
60,5929520.5,612361.7,473796.45999999996,5238220.12,4315665.86,5826315.24,5392491.7,4481852.24,387403.4,501680.36,6846368.2,4461227.76,6452534.860000001,6672215.959999999,6430311.64,397623.6,508506.05999999994,5028620.7,8896445.08,15461512.6,7553656.720000001,7222847.720000001,524018.8
61,4495422.0200000005,765732.7999999999,425893.6,6886930.6,5876906.0,9665166.4,4930273.14,2289074.88,939472.4,542340.12,6617895.040000001,6435624.279999999,6121265.46,7218057.480000001,8768863.18,480535.6,910622.64,4326758.34,3973178.3600000003,15685424.5,5906769.28,5264817.619999999,833645.78
62,3135774.34,1037325.54,1216145.4600000002,4756629.74,4497239.8,3555754.7600000002,5723633.540000001,4184472.72,1092752.0,427834.75999999995,6551099.4,5905686.9,6343186.539999999,5192558.32,8855479.52,576385.22,755291.68,2867434.5200000005,5559324.4799999995,14669569.74,6541363.659999999,5144311.9,611223.4400000001
63,5786820.279999999,647744.58,271210.7,5486634.78,3334785.7399999998,4189789.6,4447494.96,4319660.7,1113998.4,266549.86,3094684.96,3846222.2600000002,4432573.72,3458033.9200000004,6163284.64,592966.6,574137.6799999999,2878439.7,3754421.7,9443073.040000001,2990531.0,4975223.52,661051.64
64,4948945.319999999,358592.62,449511.66,7202972.94,4946805.54,2805369.16,3771122.8,2715218.9,1571523.2,497022.88,5663478.6,3276320.04,6927310.159999999,6227988.32,3056417.12,405662.6,512057.52,2740012.2399999998,3505864.2600000002,10800614.66,4317356.84,6649753.9399999995,460273.34
65,2001404.8,294483.54000000004,294132.98,5072804.96,3988518.16,3437896.6799999997,4377897.4799999995,1933172.06,724118.8,580447.2,4482015.0,3030247.0199999996,4714111.44,5157500.26,3380342.22,449820.6,575184.22,2908722.96,4530040.2,7496526.3,4336722.04,5717018.0,441538.95999999996
66,2816697.5200000005,293144.82,930964.4800000001,2534133.0,4441136.9,1416065.98,3473843.7399999998,5098853.32,762814.0,514131.74000000005,5132899.8,3512793.6,3055783.2199999997,5601759.0,1953348.48,539977.2,1432726.48,2507710.3200000003,3739143.7399999998,9413438.48,3897043.62,3724420.5,412773.16000000003
67,1232324.3,225740.62000000002,218630.68,2510910.62,6145182.84,945320.0,3194799.88,3055183.6,719292.0,935214.9199999999,3283717.92,2231808.52,6315418.340000001,4803350.62,2168411.7399999998,688361.42,1863659.56,2983774.4799999995,4888853.9,8800557.52,3116451.6799999992,5924190.819999999,443337.68
68,1176007.16,341417.1,190879.56,4051075.4799999995,8526723.2,937273.8,2129457.7800000003,3392999.54,549856.6,829624.8,2954661.56,4752183.720000001,4923343.02,6788916.519999999,3013050.12,523540.2,2013365.2599999998,2836549.6,4106005.96,10997428.540000001,2532615.9,7165757.4,841426.68
69,4540192.7,201141.86,323131.4,4126872.6399999997,4589443.5600000005,1804962.8,2014150.64,3800920.8,497116.0,397451.2,4587055.819999999,4065946.96,3536005.1,5155028.380000001,2300523.88,563988.0,786975.36,2713574.04,5532370.04,5298666.8,2593820.46,7630554.859999999,1961362.06
70,3095931.82,232943.7,245633.52000000002,4624082.659999999,4396652.0200000005,4115325.8200000003,2860556.84,4180447.28,1329038.04,424283.64,6821188.239999999,2511570.8,2836539.84,3940853.7599999993,1260589.72,626537.6,692447.08,4174966.88,4279254.66,6639942.64,2376800.06,4925743.26,1375494.82
71,2133441.2,236555.87999999998,334680.8,7627275.359999999,5893953.4799999995,3375497.78,2418519.0,2114782.2,583695.4,588057.42,3507828.4799999995,1660896.24,2814125.54,3484312.96,1273678.1,735947.0,726323.24,2654670.0200000005,3920544.3599999994,6940726.159999999,2134420.98,7404751.3,1232870.04
72,2475319.6,514989.2,2380460.2399999998,4796155.42,5202232.779999999,3365115.0200000005,5296384.720000001,2032938.4600000002,251833.03999999998,1047878.2,4452211.26,1894432.92,2092736.4,3090882.62,1317889.6800000002,954234.2,357110.6,3196757.38,2847783.62,7158745.44,1083944.2,5506337.6,1137309.92
73,1927446.02,274361.64,429288.57999999996,5785512.48,3782634.3599999994,3302146.2600000002,3897755.1,1685807.3199999998,264940.6,316870.0,4130671.44,1687427.52,5586868.92,5122597.180000001,1447858.28,747476.4,605337.98,3224271.36,2535308.9799999995,8755079.28,1314914.24,3030698.1,1182431.22
74,1384734.8,330793.2,277999.57999999996,2856766.88,3570139.8600000003,2180474.34,1127982.4,1219088.46,178942.4,468093.74000000005,1392716.46,1508283.52,4017834.2800000003,3585774.7,2112090.84,477142.4,776586.96,2556606.0,3614916.1800000006,10326355.98,2864953.4,2714742.4,654040.2
75,659286.4,285774.8,309911.9,622594.8,2755715.48,1985827.22,860004.82,1506813.3199999998,205217.4,447870.6,619006.5599999999,2898548.7199999997,2571910.68,3475419.7399999998,2385065.46,663280.0,865809.18,3726340.3,3718974.16,7340767.38,4701030.340000001,1404367.0,1154058.2
76,764283.9,708283.6,470090.44000000006,687810.62,4842000.040000001,2958667.16,822729.24,2141144.92,357774.56,349266.7,824895.64,2995516.34,1736166.2,2656581.7,2289401.02,843525.6,813785.84,2425710.8,2420494.04,7991755.82,4499381.08,1683945.8,574844.78
77,619565.0,286708.2,508819.48,773448.2,2064486.6199999999,1787728.28,1194129.7,2557200.8600000003,233601.4,383301.02,2035886.3200000003,2290572.2800000003,2346965.2800000003,3162111.04,3705618.2399999998,439603.0,1603494.0399999998,2590145.6,2260743.6,2862572.66,2880781.0,901448.8,914648.0
78,590297.2,288148.0,226369.47999999998,582850.0,1706602.2600000002,759919.3400000001,1180810.3199999998,2983209.88,202877.0,531356.74,1076665.4,1541188.96,1402606.58,1800023.5399999998,975355.72,643264.4,2288584.16,2222009.8,1281795.2600000002,5149045.2,1590267.3800000001,691488.4400000001,616299.48
79,840821.6,125268.04,211658.5,312213.2,2105544.4,630515.8,3833366.6799999997,3588956.8600000003,194443.8,721164.96,1361860.24,1141164.8199999998,2290514.32,2058274.6200000003,485413.66,1205168.04,842383.32,1166640.0,2693993.1,7937295.0600000005,2517075.42,691626.8,874445.8
80,687432.2,271508.6,778000.52,381241.77999999997,2528797.0,1061907.8,4392369.82,1113373.82,572818.4,653721.36,3159688.7,1472955.92,1744037.3800000001,2172483.2,687710.6,1323076.8199999998,547182.08,1942317.4600000002,4435260.7,2238278.3600000003,2075332.6,1106260.6,1609814.0
81,516964.2,275570.4,2401979.9200000004,694968.58,1209326.4,1298132.22,1795778.4,695024.2,329633.6,375230.82,1799330.72,1531850.8800000001,1303781.7000000002,743337.2,625970.74,1685771.6,730638.86,2983954.0,684935.58,2822959.96,839045.0,1962111.2,1756014.2
82,133280.0,283725.4,498651.44000000006,326627.6,608735.62,637360.4,929960.14,2110127.2,319842.2,558147.46,2153068.54,567622.7,1090905.8599999999,413422.0,539576.12,1201039.4,849562.9800000001,2164074.7,1050122.8,2095182.3800000001,1323707.4,916678.8,1016522.2
83,121085.8,853627.0,983769.1599999999,361443.6,484254.6,339346.2,755796.6599999999,913878.8,351149.4,406976.66000000003,530662.6,383361.8,1783505.8199999998,568250.36,703103.58,1221413.6,1432748.46,1044069.6,1103946.96,1800521.2399999998,724881.08,1162884.0,728835.0
84,148589.6,102908.2,1781983.98,503289.2,1327386.8,646250.3400000001,522023.05999999994,213112.6,275855.8,289549.8,440348.8,694202.0,1732871.5200000003,350912.6,626287.8,1118841.6,758251.52,571163.0,693768.76,921588.4,544235.8,791022.2,1848857.9400000002
85,153609.8,281823.6,1671744.9200000002,511872.6,543123.8,679636.7,390484.6,210390.6,334866.6,343796.48,1184982.5,431972.6,835378.8,912496.6,653996.8,1488689.2,698734.4400000001,1151022.78,1244609.1400000001,1380502.2,543102.74,955452.0599999999,1094896.34
86,87119.2,401186.0,2776591.4400000004,800871.0,469086.94000000006,849255.0,422262.0,319155.0,240731.2,278929.26,540473.2,443027.0,651935.9400000001,453234.22000000003,423909.2,1067133.0,368147.55999999994,1200056.78,869673.9400000001,627723.0,522086.6,475736.2,2601014.46
87,254102.6,69693.2,364427.8,470044.8,813153.3,660874.8,938450.8,337234.8,201633.0,359650.83999999997,1404051.6800000002,888325.04,453754.6,749098.2,429731.0,913056.6199999999,1498208.3,775313.6,618135.7,639894.6,403409.0,518214.6,3037555.04
88,270196.68,255229.4,1563178.02,723880.42,822218.2,609667.74,647012.4,302059.6,318048.8,361432.0,760225.04,590956.2,639457.4,591509.6,420444.38,1251660.2,1530725.1800000002,770226.42,726497.4,698506.1,284361.6,543919.2,2054437.9600000002
89,399019.76,83706.2,838233.6,502575.4,411035.0,690298.62,301090.2,354771.0,184289.8,311687.95999999996,658270.14,649947.6,959243.5599999999,741920.2,825557.64,536415.78,422082.16,337056.2,699349.6,1302859.6,665528.4,649010.22,535845.4400000001
90,325821.6,566442.2,201870.2,1126184.0,702406.6,461040.4,265481.2,179460.0,191638.4,316037.1,500651.54000000004,686353.0599999999,951201.4,320440.0,927742.14,555024.9400000001,1730867.78,596984.08,657194.4,525334.8,381931.0,967403.6,464095.6
91,165529.2,1482048.72,822509.4,749945.9600000001,477209.48,718869.6,273444.8,177515.8,223201.2,348649.24,805835.98,949693.82,728533.1399999999,557738.6,1025011.0,468028.24000000005,853834.86,1397488.1199999999,986372.5,469635.8,527406.24,611049.42,467931.0
92,270273.2,338051.64,280122.4,1135425.4,524364.48,1446834.04,320193.6,586242.8,191597.4,393223.86,615983.4,1035616.6,988138.4,971463.4,1182905.06,604242.72,634546.32,1971426.56,864919.6599999999,1276061.0,1564770.2,659842.6,431068.92000000004
93,137408.8,291925.48,92504.0,1937988.4,677203.6,1893822.7600000002,391621.4,740299.76,313254.4,414066.96,538305.3400000001,1815431.7399999998,1135768.5799999998,809024.2,882736.68,663316.4,726119.8200000001,1139588.2,1975034.9600000002,1320269.4,1408921.8,854804.3,842927.0800000001
94,419651.6,405660.42000000004,87277.0,723512.24,1223915.86,1326837.3800000001,972945.0599999999,471253.64,674691.3200000001,424253.75999999995,889305.5599999999,2328887.7199999997,1034937.04,785321.4,876254.4400000001,618059.78,571142.6,868649.78,886563.9,792231.4,1084336.44,567862.4,536569.2
95,1457678.1400000001,356841.3,59279.0,189288.8,2105278.1399999997,1432072.4,2104345.1399999997,942118.0,408122.4,312907.52,588808.9400000001,778687.04,1099406.1400000001,1634416.82,1353189.98,526640.64,553813.98,729373.2,805807.3200000001,1030471.8400000001,1144117.8,1530965.5,877051.8
96,951329.14,148067.6,279706.02,277792.8,469954.2,1388374.4,779296.6799999999,1218400.8800000001,412959.2,238594.2,592690.9,527329.54,726143.76,1718849.5799999996,1922824.78,388981.4,346864.5,718522.38,451144.74000000005,801966.74,900235.4,679830.76,640679.6
97,653593.3,92379.0,106528.2,683308.5800000001,439721.0,841550.4,1538788.6400000001,626878.2,1633401.2,208868.6,248545.2,549974.54,597392.8,2450471.8600000003,1280353.12,680056.4,623124.9400000001,1433423.44,1023707.3,897865.9400000001,633846.6,541611.0199999999,673736.88
98,794196.2,91021.8,289996.8,519594.6,337947.8,568467.8,2097732.6,518408.4,399353.8,286985.8,630357.2,607291.36,1512283.5,1037891.82,1302920.56,393848.8,702217.64,793734.8400000001,559075.62,802512.4400000001,839317.0,426435.8,602859.0
99,877603.1,202195.4,233229.0,865469.3800000001,338358.4,916830.64,710953.8,397350.57999999996,1252763.8,200688.8,319085.6,739341.54,750723.74,988455.9800000001,746791.4,497518.8,808047.58,1701515.5,491006.5,669634.3200000001,1132572.0,385130.76,460519.4
100,702284.1199999999,353791.22000000003,388428.14,963122.9800000001,594407.4600000001,1777156.2599999998,375181.2,561203.04,3190298.8,233387.8,253329.13999999998,443676.6,720100.88,1292897.6400000001,1079042.4,421436.77999999997,545718.36,1517398.5000000002,444925.1,885332.1,631417.8,365529.54,779138.4
101,691817.0,699605.6,149488.8,484130.4,670205.22,1227951.6,424940.6,426714.8,4185972.0,440516.8,302150.8,781304.12,529081.36,577719.42,632319.6,455298.3,559162.48,955312.9199999999,725933.1599999999,511073.34,576206.8,535616.9400000001,895872.4
102,741756.62,465641.6,571626.8,1748901.72,404554.6,1010509.5,421554.8,411041.04000000004,873877.2,435092.2,266288.2,2129380.92,853130.5,737257.8,1118341.22,435939.05999999994,572323.8400000001,2115000.5,599682.8400000001,465511.34,581908.8,516680.95999999996,780020.2
103,536101.4,252460.2,125079.8,2501936.4000000004,377001.16,897150.28,287660.0,1005153.1,434742.6,332781.2,330071.38,827356.46,766113.3200000001,1000501.82,629117.12,468475.38,667409.66,685812.48,703211.7,624512.5599999999,458279.8,910193.04,602798.8
104,592932.74,430169.0,138993.6,573449.4400000001,943091.0600000002,713146.74,293651.8,936975.5599999999,876121.4,262713.2,447949.55999999994,1004924.1199999999,537109.26,771070.4199999999,783085.98,444232.9,1149402.52,1027246.1,755635.48,459916.75999999995,588203.6,1026008.3799999999,420917.2
105,835142.4,318654.2,269490.0,1210074.42,465191.72000000003,699271.4800000001,658062.0,1298284.7000000002,1146663.4,368611.83999999997,462416.07999999996,1374378.58,842157.8800000001,1527931.9999999998,525404.2,349286.5,540820.2,582966.82,642979.1,410576.94,518751.4,709589.24,580143.2
106,1156028.4,301393.4,366495.06,470390.6,509891.75999999995,1229756.6199999999,1342077.8800000001,373958.83999999997,1378986.6199999999,596519.5599999999,524920.36,1685333.5399999998,1210534.3800000001,428003.6,365278.2,507464.24000000005,407211.77999999997,1126903.8599999999,477813.25999999995,437115.54000000004,568300.4,432494.44000000006,533100.8
107,1363728.0,423076.8,1304346.8,449014.0,497116.11999999994,1550233.7,497794.42000000004,1200466.02,424130.8,1051563.0,387093.7,1282053.42,936259.3,760341.9,473409.4,511871.72000000003,678814.12,736774.14,526584.4,578079.54,399592.2,349194.83999999997,492636.6
108,1487361.2,309116.8,2137985.3600000003,680833.8,727619.38,1792764.7600000002,610366.0599999999,476693.38000000006,215529.0,2666705.82,390890.8,1147733.4,964100.32,750249.9800000001,535625.5,343379.4,689555.4,794604.7,853857.4,901564.9400000001,564988.0,303832.42000000004,521463.6
109,2445655.44,393082.06,2271556.8,515339.4,545502.54,375390.2,530262.7,664842.96,311769.4,1127293.8,405606.0,1360845.06,916285.0800000001,1037726.7,1665424.62,797190.26,822118.5,1541732.44,821278.0800000001,1057647.1400000001,1036861.82,512381.06000000006,1409309.5
110,994909.8,579403.2,818997.1199999999,320799.2,446212.92000000004,361138.6,446994.3,1233878.2,199896.8,1594856.02,363502.27999999997,690890.0800000001,502860.9,1171648.4200000002,1318825.52,412247.57999999996,603996.46,1186847.1400000001,990367.82,633604.8,422536.8,686309.64,828026.4
111,684355.2,301940.6,561413.6799999999,938204.4,426281.07999999996,420011.2,304379.9,424025.6,180195.8,1225142.4,244073.4,811105.52,1640719.1999999997,470900.62,639068.42,444130.8,790498.3400000001,1734447.3800000001,454877.6,1527583.3199999998,430608.8,402647.18000000005,485985.6
112,1009175.0199999999,389882.88,428002.57999999996,672515.36,1344340.98,685692.2,470317.9,515088.22000000003,172164.8,775728.2,301704.46,1660819.8199999998,593727.22,1034068.2799999999,650224.38,431395.6,588309.6799999999,1248817.0,1041044.72,740879.0,404414.8,1143560.98,439971.8
113,1130815.8,692965.8,244622.6,93687.4,525299.14,364173.2,380165.04,485642.2,213483.6,650937.4,280745.6,1417797.02,2276154.54,1050263.52,584439.7,488811.32,556058.42,1404516.6,1049772.6,727928.3200000001,474473.0,769290.0,493947.0
114,857313.4,617237.0,198372.53999999998,491993.05999999994,995543.4800000001,352984.8,666834.0,338770.14,568515.4,919846.5199999999,287731.7,1346436.22,1334171.6,1129523.52,580296.8400000001,491601.68,423182.2,1417385.26,930885.4,779708.6,592257.4,354310.74,422577.4
115,662451.8,323598.6,246070.96000000002,103701.6,475000.54000000004,621041.6,259578.6,333130.44,1417829.0,1086001.74,273141.4,754859.04,529122.1,1113352.28,562246.48,550750.54,548245.36,751312.6,1873601.7600000002,1065508.5,437918.0,1219287.14,440381.8
116,490414.77999999997,340239.8,458706.2,378402.6,566365.6,1630645.4600000002,311799.4,1335266.4600000002,1384857.8,405899.4,368004.16000000003,1711280.3399999999,531379.5,1116399.52,777454.36,441203.24000000005,561809.3,861464.0,1379490.0,1047847.96,447100.0,998005.6600000001,1033370.4
117,517192.2,897747.6,82000.8,633034.5599999999,286834.0,591178.62,251912.8,1368247.2200000002,348973.3,1011291.26,928610.0,2012500.3199999998,632040.3,1269608.82,627606.36,348589.2,437114.05999999994,983823.3,826817.5599999999,990732.46,791814.2,807131.1599999999,1297770.3800000001
118,485495.2,237847.2,85901.2,484280.36,290132.4,734387.34,405891.0,1227106.8599999999,529285.4800000001,1576267.6800000002,702681.72,839144.68,703597.42,683929.4400000001,681925.6599999999,706672.8800000001,429050.66,672313.4,476760.8,756906.9400000001,874955.8,858023.0800000001,1609394.8
119,518449.4,425714.6,68722.6,1126811.74,262535.6,774910.0800000001,827952.8,1407703.96,612400.1,1121688.3800000001,801496.0,1530156.44,482901.8,777415.76,608575.6599999999,1053493.8199999998,1473062.0,434987.2,452568.6,1543117.1,1869445.3,513723.84,611088.6
120,532788.2,93925.6,395273.57999999996,770025.6,298632.2,1215668.22,562694.6,1006561.32,306348.0,1103309.8,730669.3400000001,752133.0,459643.8,2005458.1799999997,608747.46,1024775.2,859985.0199999999,773736.42,454632.6,882279.7,1906243.8,319877.04,472261.4
121,568755.0,138633.8,381078.86,374620.6,313315.2,1988818.06,303424.6,467329.22000000003,301464.04,1004304.54,2364810.2,369348.6,363569.2,1682559.6199999999,737509.12,757927.1799999999,1288182.6,544632.0,1297539.0,1298239.1199999999,1468486.16,692412.2,666232.36
122,733378.2,700987.8,339713.22,684623.0,258252.0,1962177.0200000003,321240.4,196070.6,323783.48,1294280.2,679255.8,521310.0,403643.2,1048971.74,537900.8200000001,705975.76,547922.6,957062.04,763088.22,903279.68,2642614.5799999996,576890.3200000001,566629.8
123,864227.4,853263.2,321093.2,729189.0,289617.8,1126289.4,303938.6,718993.52,328179.8,612077.8,261752.6,1213136.0,444056.0,515194.0,515808.0,553798.02,379673.02,596901.6,655828.08,1393197.9,1230562.4,1123819.0799999998,439129.4
124,1085695.94,627481.7,348885.44000000006,1009010.72,421509.68,1472327.04,258256.6,783892.8,350874.18,1111279.4,246397.2,778982.9800000001,382228.6,525178.4,446408.8,451830.27999999997,494048.82,296255.82,614057.08,759495.6,883762.4,481443.52,492929.2
125,843217.0,1364333.6199999999,280890.42000000004,649494.4,304625.6,1290067.4,291736.2,615275.12,322340.56,419522.04000000004,237447.6,1543096.9,390908.0,1390505.98,499637.2,990465.3,421168.62,544130.2,564310.2,1248865.4,708879.2,1260516.2,447001.0
126,1257763.6,294782.2,584060.88,656518.22,260187.8,571220.4,481259.0,667870.3200000001,383756.02,815617.0199999999,254271.8,474190.32,413446.0,487938.4,444242.8,1045159.5599999999,327927.0,336517.38,604434.76,623887.08,930867.4,564807.18,1509755.72
127,784339.2,450712.0,1082155.06,622202.0599999999,277633.4,764797.74,304960.4,485441.2,191815.8,363764.08,310683.6,349527.8,384819.6,622629.8,412267.4,1999440.2399999998,402267.2,297997.0,536390.1799999999,1063698.38,667813.2,1108440.56,806114.2
128,787680.4,601746.6799999999,581025.6799999999,1179744.3800000001,289332.6,819389.4,269334.8,256202.0,183468.4,2776571.96,290929.86,324997.6,381450.0,780381.6,472556.54000000004,1090404.0,357358.8,931324.2,470906.1,1160467.7,803297.8,906199.2,900187.36
129,804210.0,264932.6,1956173.6199999999,829825.8400000001,360033.6,1003631.2,301182.4,264567.82,164248.2,1064345.8000000003,305465.2,354809.8,427389.2,2208730.2600000002,487105.4,799993.72,369945.2,274451.42000000004,583620.6,932107.2,736769.4,1109334.92,1257527.92
130,749389.04,547587.9600000001,1800142.2400000002,806157.9799999999,1056212.9,667714.4,369987.96,441405.6,156827.86000000002,904753.0,497960.2,333809.8,600615.12,1752254.78,512928.6,1396646.46,358459.2,579058.8,456189.6,1763396.3800000001,608167.6,1151636.2,1002898.2
131,704585.2,713061.9600000001,224310.02000000002,1767338.9600000002,1225896.48,877357.0,301727.0,243008.4,195117.4,756285.92,250222.4,333635.2,483597.0,1512587.4,509091.8,857568.04,344319.6,391800.02,660244.4,1258733.4,507437.4,1521324.28,688069.24
132,677945.4,857803.0,606196.7,504974.1,719874.6,704661.2,492270.0,269212.2,166173.4,244493.4,271243.6,379008.86,423896.4,1828266.7399999998,552544.2,1172328.22,345571.2,417712.6,476011.8,1116953.98,524393.2,782332.2,464596.2
133,640715.6,719184.22,533181.8200000001,1213351.54,443007.18,1427757.04,275941.2,259474.4,169840.0,1150693.24,279072.2,340350.6,844232.2,1670814.54,1370717.6,634289.1000000001,567315.78,607843.88,493896.2,2048674.7599999998,799588.8,1591381.06,740968.0
134,581783.0,130501.81999999999,330079.38,1010689.14,406849.44,1522151.4,295039.2,275732.4,156391.0,2189115.6,261991.0,300723.2,508677.2,464311.34,1267095.0,705657.62,366633.6,862141.0,425115.8,1681349.9,487300.4,709961.6,791340.6
135,641788.0,189334.6,283989.58,313106.7,337208.74,1518366.8199999998,257522.0,241828.4,132555.0,225468.8,278845.8,341992.2,417469.6,1132034.88,799516.4,455363.38000000006,357751.2,364280.4,469994.0,830304.0,811049.6,700178.8,493676.8
136,800053.2,143755.84,613492.6,1452751.92,765208.74,1538387.52,305882.2,243792.4,260249.2,227341.6,266275.6,420151.0,394259.0,1032206.9800000001,615226.6,1101542.84,389211.6,314185.2,467652.0,513682.2,454018.8,310663.2,573332.2
137,557103.6,105084.8,380027.62,1790299.8800000001,713230.0599999999,939508.32,2708211.4,266010.6,159965.4,225970.8,273737.4,402731.0,402385.2,2514109.1,582476.0,932669.7399999999,351031.02,342199.2,422002.4,2151352.3,449242.0,290067.0,611144.4
138,630818.8,558669.28,282924.68,420104.55999999994,419871.95999999996,1082762.46,330776.0,293130.0,135129.4,210899.8,256492.0,287645.6,349772.0,902930.5800000001,500761.0,971306.6,343637.8,319925.0,416605.8,3723688.2,455361.6,1453126.4,413838.6
139,689199.2,1473512.3,182816.24000000002,1446750.52,406122.02,718024.78,240168.0,261463.6,184017.2,604337.98,261012.2,316704.0,415859.6,879050.4600000002,501437.4,549221.42,365858.4,353669.02,492402.4,1129611.0799999998,567854.0,1933532.0399999998,438877.6
140,645487.4,88254.2,209281.62000000002,1471737.48,414460.48,655051.72,273795.4,230024.4,162421.6,1674948.8,276165.8,305366.6,572327.92,1711509.86,523976.6,337181.82,321455.22000000003,364537.0,468574.4,2026881.1800000002,428789.4,1510171.84,484139.2
141,705970.2,219746.5,186798.8,239558.2,414921.57999999996,636982.9,297805.6,517266.68,162521.62,1005729.0,793107.0,347851.8,511052.0,921762.0,849285.4,354255.02,314623.82,318145.42000000004,732132.2,984050.6,449549.0,1733400.7,437585.4
142,683110.6,1094169.6,251475.63999999998,107903.2,537578.74,898411.1200000001,239167.4,542650.86,697040.8200000001,1438568.8,544183.6,1033331.4,623704.38,777938.5599999999,418287.6,310340.8,365116.2,335177.2,485174.4,824851.5599999999,453349.4,1140681.8,458167.2
143,716005.4,455658.2,218525.03999999998,911099.0,312004.6,870907.0,276909.0,1964274.3,522387.0,1198817.72,613397.2,730874.4,427129.8,565545.8200000001,495553.0,365950.2,357523.82,375751.2,440266.6,1750336.2,497549.88,1642071.8,492664.4
144,693958.4,1317061.4,52565.8,746375.1599999999,289276.0,1041052.6,297428.8,1717766.42,149269.6,740010.8400000001,280611.8,333680.0,481013.25999999995,495859.8,496305.0,713935.2,345928.8,710461.42,453439.2,1254361.8,492039.72000000003,1427102.84,481949.8
145,789284.8,632779.3200000001,79325.6,609037.42,300443.2,343983.8,274513.2,1753454.0,184566.2,1263186.8,280260.2,344259.6,798341.3400000001,516330.6,854691.8,586658.2,1056372.6,623461.4,511387.0,830932.8,536633.8,1558001.4,552227.6
146,670803.2,1395181.8199999998,54288.4,535556.08,469870.6,675125.9,271035.8,1867989.8,230969.8,293823.6,258467.8,351430.2,460498.22000000003,474663.2,459640.8,667812.4,684660.62,707355.6,440657.0,523604.6,817986.4,628967.6,453280.2
147,685366.4,1134357.4999999998,53147.0,120054.0,386705.6,1057754.3199999998,317226.6,653487.2,238251.4,1461751.8199999998,275994.6,364798.2,531026.74,505293.6,490390.2,322381.98,323696.62,301025.2,454227.6,519220.6,474455.0,409661.0,572504.6
148,1289440.6,569682.9800000001,285641.6,453221.0,620193.6,683161.6,839377.0,247482.6,331881.2,1256830.4,280332.0,390393.4,528312.9,520800.36,446510.0,359837.48,360916.4,330571.18,497715.4,961831.8,439800.2,304055.56,447908.4
149,876119.8,1032147.7200000001,43830.4,1210287.2,281165.8,349735.4,620093.8,1016377.1199999999,198086.0,243031.8,306104.0,330380.6,501629.95999999996,509733.0,478300.0,728043.3400000001,374838.6,335843.8,439016.0,1025737.8400000001,444730.6,674371.8200000001,865240.2
150,775050.8,1472065.98,156053.6,1319802.2,251898.6,471395.4,284233.0,997524.0600000002,254582.2,205846.8,231335.6,397026.4,513734.22000000003,505224.6,466920.86,340355.8,341090.4,310300.2,533524.0,1498393.52,439345.8,1493587.0,722468.0
151,680628.6,1115710.6,117571.6,1172275.3,242721.6,351002.8,432344.4,909283.3400000001,270125.4,214995.6,296714.2,325090.4,555508.26,491914.8,490621.4,315628.4,384801.4,352969.4,372438.8,1341959.2600000002,613714.2,1646859.4,534475.0
152,661689.4,164883.53999999998,99532.2,2664466.6,276316.0,330280.0,869244.8,568239.1,220111.4,195006.0,254673.6,330767.2,503907.72000000003,503398.6,416337.0,1221185.52,315715.2,392475.6,449489.8,645512.8,428023.8,2255211.6,460222.8
153,679920.6,1291032.06,49827.4,109873.2,285009.0,351963.0,341406.8,1046205.1599999999,218826.22000000003,238995.22000000003,292101.4,413421.2,570849.12,489703.8,480195.8,484925.54000000004,314280.2,325105.57999999996,496398.2,663640.1799999999,464867.2,2592454.2,516094.0
154,676286.2,537095.4,59133.2,107613.6,544501.88,321592.6,791164.8,999785.1599999999,260213.62000000002,372453.6,535387.0,496623.42000000004,1191585.3199999998,536136.4,413672.8,337841.6,312370.4,343944.22000000003,552844.48,703749.4,450815.6,2357342.8,612654.6
155,895485.6,86075.2,49266.6,116554.4,1260483.48,309445.2,309629.8,1376658.8,229079.0,206648.6,266305.6,377712.0,950462.78,535269.4,497077.2,527573.8,381003.8,404512.6,678017.8,1286449.8,465891.0,318919.2,522184.4
156,1968731.6,101993.2,55389.2,80714.8,468973.02,310323.4,510709.8,1774480.8800000001,226927.8,237700.0,264758.8,440420.0,518194.84,466684.6,870583.0,642684.6599999999,402095.22000000003,352415.22000000003,751037.88,818302.46,508761.8,636212.8,460318.94000000006
157,1330164.4,793952.6,53218.4,103459.4,793396.14,341207.6,368348.2,289825.6,232529.2,212181.0,282246.6,319873.2,564154.5599999999,490563.12,677964.62,1562428.92,801252.6,718934.0,596535.6599999999,838472.1,596781.0,850622.96,827442.62
158,775437.4,1877375.2,64499.0,95616.6,520647.34,618867.0,552599.4,274726.0,201475.2,196203.4,264315.6,327484.2,600237.18,481452.4,918714.4,683536.54,393473.6,347428.8,934902.9800000001,1506168.46,813576.6799999999,563535.4,1186910.1800000002
159,1035538.46,2583309.88,43060.2,92554.8,445322.52,370712.0,332971.0,262164.2,244332.4,176540.8,284654.4,368275.96,499112.9,495559.8,468601.2,1209086.0399999998,303705.2,429610.4,674894.6,659710.46,493739.0,1178982.94,1111561.3199999998
160,1580250.08,1331785.8199999998,542186.2,222173.2,491928.42000000004,731631.8,671351.8,280002.6,220924.4,185391.0,277557.8,1008814.5599999999,519897.38,496198.0,491012.2,912113.3400000001,354677.2,311497.4,488522.18,754388.5399999999,440152.2,996281.6,977904.6200000001
161,918204.0,601306.2,390409.6,83264.0,524756.54,352032.8,515286.2,238621.4,213707.8,203277.4,264496.8,686502.3400000001,486934.57999999996,496806.2,815553.0,1597531.36,366491.2,359082.02,449259.8,1948201.5399999998,612326.38,376069.0,1032222.7200000001
162,702092.6,689180.0,51528.2,110068.4,315656.74,348291.6,467256.02,274983.2,198666.2,166872.8,295732.6,782710.0599999999,462982.94000000006,476574.0,474767.0,560563.12,357409.62,334894.42000000004,450561.0,514960.0,428633.0,1846207.4,725385.22
163,672395.3200000001,454800.66,53928.8,610178.4,336483.54,397276.2,418638.2,265916.2,211620.2,228325.8,279188.4,843592.5800000001,533629.8200000001,584758.98,584876.2,403747.82,374687.4,1036626.6,459980.0,488135.8,417000.0,981486.6,732689.78
164,696600.4,298033.02,53334.4,692399.6,334375.72000000003,332915.6,353642.4,237979.8,439443.2,424704.4,245392.6,701457.98,423001.6,1250858.8199999998,459937.6,1199940.22,338112.62,1279876.4,452739.6,522733.8,427761.6,774944.4,814652.28
165,619298.8,519809.0,59680.4,886694.6,360607.74,354598.8,348960.2,352199.8,371793.8,2585587.9,369520.6,400876.6,464627.4,500594.2,462990.4,1123056.9,319805.6,1518635.54,473694.4,538795.6,597335.8,290949.0,1049916.98
166,673277.8,101579.2,63790.4,117996.4,389588.14,430902.8,329395.0,274088.62,239772.84,415764.8,797486.6,373279.88,610574.0599999999,488484.2,528831.8,377446.42000000004,321266.8,350789.62,730569.0,651200.2,455468.2,386948.2,899969.5799999998
167,684726.2,343166.24,62545.6,96556.0,309494.12,352023.86,498338.55999999994,256897.0,203973.6,265628.4,603452.7,347494.2,511014.27999999997,548370.4,459064.4,389475.82,348693.2,386544.6,860778.2,2243382.16,547457.14,655572.8,1089315.5
168,759814.8,959982.2,56722.8,455004.0,328844.74,1431107.3800000001,567305.02,834514.9400000001,226477.4,880752.8,639568.3400000001,368532.2,923960.68,1280249.0,481698.2,342454.8,347587.6,334157.0,669090.54,1376314.74,1102274.14,1734809.0,895401.6199999999
169,728516.0,1431305.6199999999,51213.0,1005636.4,328788.32,1126892.1,391529.7,1187874.8,224351.0,845923.6,470038.5399999999,1026728.6199999999,653814.3,1475598.42,734654.0,472661.02,388528.46,624214.86,879385.5600000002,1278620.5,707270.48,1328763.76,1008068.5799999998
170,610337.8,513247.2,67059.4,753280.62,625216.3200000001,469266.4,632392.02,1154633.8,216910.4,574021.0,436554.82,683853.48,508639.86,1245927.78,576774.96,324243.8,387189.8,1590606.3599999999,480177.72000000003,559405.0,559082.92,1159179.22,952695.2
171,768744.0599999999,97667.0,63443.0,755985.2,501955.4,792168.4,619683.12,969795.4,225767.4,891322.6599999999,523041.8,705751.42,510161.04000000004,706958.58,519310.2,302863.42000000004,337224.4,3314184.7399999998,484904.14,1929436.4,509858.4,1575420.8,1070623.54
172,981323.6599999999,1683367.0,1247004.46,755570.4,918398.4800000001,1231616.3599999999,689793.24,433807.4,229180.0,320663.46,595900.6799999999,1221639.86,993866.0399999998,1307013.5799999998,521276.8,308696.4,358742.22000000003,1212451.4,717375.74,1649539.94,616037.4400000001,817424.8,1135904.48
173,841997.6599999999,1350315.4,1009111.3200000001,473914.0,454707.02,1369067.8,723100.4,347492.8,1177210.28,272169.6,451109.2,843751.6,596802.0,1507824.4,703773.1599999999,339666.4,345430.4,1010547.68,581945.58,1235271.3599999999,523893.66,278706.8,779796.16
174,1187281.4,1370503.2,497502.16000000003,2614756.1399999997,338632.1,699808.2,563948.1,285967.2,950991.5200000001,655926.6,482635.55999999994,943772.4,1838448.2600000002,928798.0,1041717.2600000001,282514.4,294172.2,1039330.22,738447.12,1017655.8800000001,572048.4,282071.0,876788.86
175,760832.62,521439.5,565227.86,669538.0,322458.57999999996,2395562.2399999998,709953.0399999999,642104.2,322341.0,458878.6,392476.24,369358.0,953675.6,906190.8400000001,837884.76,345147.82,401716.0,435070.4,966456.28,1718682.3399999999,726114.2,329913.0,763012.82
176,658252.6599999999,377301.46,332354.27999999997,1683523.4,302897.18,1258670.22,357755.2,1101485.08,258461.08,2076878.4,499945.54000000004,366364.2,907415.6599999999,1333412.1800000002,853175.8200000001,306328.6,660337.8,394191.56,750541.3400000001,2434506.7600000002,1132778.9,4193337.2,514491.2
177,869276.0199999999,1758122.6,347841.3,139429.6,520710.6,766437.38,924607.32,1752842.4,408147.0,234973.4,431620.68,1555269.24,871739.28,1005381.2,690494.04,317252.0,322916.6,1005723.8800000001,1530140.8,1286165.8,581244.1,1828301.8,598893.3200000001
178,813065.3200000001,165905.63999999998,130694.16,826154.8,290107.0,2055787.3399999999,455240.6,304316.02,295217.68,337383.8,778049.6,1418126.1,776605.3200000001,988275.9,701068.14,299111.4,341567.62,1564861.7,525449.0,2405821.64,642066.96,631221.2,990144.4400000001
179,878116.6,178680.4,684309.6,631842.2,296563.56,431520.2,496194.75999999995,335251.0,249877.6,203866.2,550155.4,2880928.02,513276.2,595577.8,610290.5,1000982.82,355289.4,364038.8,584765.4,2106979.68,547766.8,497238.2,1024012.1599999999
180,1669572.76,466514.88000000006,262650.0,2399800.6,1052419.6,603148.1,1205170.0,1750716.14,1083583.0,266147.6,1316051.1400000001,908273.8,488021.8,1808524.92,1584205.2,1124866.22,341100.8,1328026.2,1486774.06,1412780.3199999998,1222905.2,859953.6,1375453.2
181,1519663.6,702578.98,184614.0,91014.8,556520.8,456529.8,1219993.4,2025780.48,854545.8,539885.2,601598.64,1208745.6,1195286.6,1465635.54,941249.86,1448725.06,549763.22,2340097.0,1005324.2,1728597.8,674585.0,493348.94000000006,1114425.3199999998
182,1185329.8,381706.88,1688685.48,63288.2,457479.07999999996,360256.8,783434.8,1540492.4,621903.4,671362.8,1051997.34,939574.0,1058146.24,815882.4,781661.4199999999,912367.0,329873.0,2534962.66,659880.2,1282036.2,545111.12,445872.0,491664.0
183,1055704.6400000001,232057.94,1109700.6,67602.0,555629.48,1516236.2,314150.4,387176.04,300392.07999999996,615065.2,765063.9,1626833.98,785112.92,1952734.2,2104484.6399999997,370542.82,324013.6,1520626.0,1930451.5,851379.5800000001,783478.64,1145917.4,633221.8
184,2183398.2,323616.6,449087.8,120209.2,804113.9400000001,4088018.4,871093.0,918958.4,404300.74,303890.4,464970.4,2257552.8,935283.54,1627584.4,1788399.42,800240.0,380160.02,3698446.8,2634649.7,2304101.7199999997,1443915.8199999998,938851.8800000001,2773860.82
185,3778006.4,328780.6,430389.72000000003,761681.6,1688066.0,2768145.32,2607018.2,937550.8,738651.6799999999,431736.2,2350390.88,1202671.0,775679.4,1786287.6800000002,1817280.1600000001,1080344.56,316393.0,4988099.74,1334679.1199999999,2840733.58,3233005.68,1203105.0,5927884.18
186,2108813.6,6479528.1,109674.0,2740229.8,2737130.2399999998,8410956.2,5200212.9799999995,1667050.24,970835.8,532157.2,3711902.9200000004,2173121.98,4988940.74,3449518.0,2196418.16,614749.4,293288.6,13332311.760000002,2135021.32,6410234.9799999995,2355150.6,1428131.6,14770714.539999997
187,1565764.4,14107950.0,434833.66,12537331.260000002,2545573.52,24045097.8,11684723.219999999,5201611.7,7730279.859999999,235223.6,2889513.2199999997,4991650.14,13409992.319999998,5638098.96,2407996.7,6013090.14,348472.4,20215204.02,3777910.9799999995,8121821.4,2937968.7600000002,3854310.4,4435408.9
188,3002133.02,10756059.040000003,411696.4,30405987.3,4453195.82,44184070.36,26020266.44,2661913.74,9530073.08,196649.6,3433593.66,5372749.6,27635365.4,6731989.239999999,3815832.54,19691593.48,568268.6,35458942.519999996,3011848.2800000003,27681036.2,7706745.4,3109989.44,663678.62
189,2546723.82,1963192.78,249573.8,47904787.519999996,4217496.68,48403913.2,28694530.9,2128950.3,8372762.959999999,373343.6,3993814.1,4496981.36,29445478.639999997,4232201.04,3255276.6,38229798.84,855481.6799999999,31541352.759999998,2872489.52,36856565.6,6799581.6,4432914.24,517561.2
190,5080369.52,469887.8,138279.4,39590388.3,3267830.4799999995,50158439.42,25864600.380000003,2164341.2,6165664.500000001,458119.4,3207626.7600000002,4542486.82,33601743.879999995,5703722.42,3859039.5,43053546.88,420080.98,38454094.519999996,3913880.12,39532203.1,13803527.64,4012915.6399999997,1387060.94
191,5655106.06,396608.0,339622.8,39363573.18,5701541.74,47871268.54,23783632.72,5847103.34,5839791.4399999995,2029792.06,5775798.6,7073523.18,36478771.5,12335154.16,6187559.5,36478055.14,458118.8,31132140.8,2375677.2,37047737.32000001,17294134.200000003,4603501.2,1008421.3
192,9003067.319999998,699958.46,314908.94000000006,31054916.940000005,6042792.700000001,38731016.5,14710223.940000001,4213393.5,7135719.720000001,1485784.4,10296167.26,10993812.0,31756494.520000003,12423270.52,5540234.6,16378823.080000002,419719.0,26888707.859999996,2607988.04,33034740.300000004,16445692.319999998,3118199.2600000002,1310338.6
193,11208391.86,1190698.42,306192.57999999996,26904799.439999998,7251140.32,28913170.560000002,14425759.38,4191893.84,7491418.5200000005,318672.56,9703042.48,10959116.1,35807507.5,13047472.120000001,6263244.24,13018869.72,501907.22000000003,19738256.740000002,3374013.8,31017970.580000002,18889495.94,12272568.76,1482509.1199999999
194,15391764.940000001,1574020.42,411152.72000000003,24251111.4,8760937.16,18141703.080000002,19234737.4,8443303.559999999,7506804.4799999995,308712.1,9617394.02,11594653.18,31668821.52,13602739.1,8769447.1,10480313.719999999,331491.42000000004,20737941.26,5103914.46,36421242.44,11646975.66,9934326.72,3642215.6
195,11304784.680000002,2313086.0,308553.7,23681885.56,13115523.92,27866123.720000006,23923611.939999998,3794324.04,4240297.76,209094.0,15588911.12,13217964.120000001,37732277.32000001,13013648.0,17154238.659999996,11672044.12,399293.0,20141815.940000005,9255519.58,44275997.9,9618743.580000002,11131836.3,1529939.7
196,14456382.1,3168107.6,366172.0,27502015.98,16858496.96,23719606.82,20503857.18,4425.4,4149012.960000001,255405.6,16583577.34,14314595.680000002,34702285.14,16832324.46,13712256.66,6522352.299999999,473357.0,19303749.32,8876899.14,43942042.559999995,8084545.519999999,13291081.52,3603296.8600000003
197,15048957.280000001,2311372.4,355307.26,24833140.6,15151898.179999998,20166687.560000002,22861036.880000003,1172.6,7388113.340000001,883194.4,11419802.16,13673342.02,32921199.26,16029664.919999998,19549373.64,9397193.88,323271.62,23899913.080000002,12097161.98,49844360.06,8937929.8,15096972.080000002,3351446.06
198,11526852.16,3790019.2600000002,697641.8,28784542.439999998,12938802.459999999,17151858.8,19178823.32,2755.0,5844866.28,267108.2,9249611.540000001,13726950.939999998,38732660.519999996,15950705.800000003,15008986.940000001,10784179.219999999,296973.62,25072121.5,7675291.659999999,50378088.56,7163584.359999999,21407371.439999998,1997493.58
199,11931959.280000001,3050171.16,485350.66,40033703.66,23521819.7,14614126.579999998,16680874.940000001,775.8,5904963.32,240383.2,9167873.8,11034724.64,40233335.3,18688812.22,16222582.3,6658208.880000001,395018.62,24064734.619999997,7546808.06,50260441.279999994,6475840.119999999,20925326.259999998,2342586.82
200,16341700.580000002,5423660.359999999,247439.36000000002,39882459.48,20697477.5,28141001.240000002,23079103.640000004,739.0,5354256.92,465698.6,8673839.34,12332537.440000001,30692339.18,19230774.0,12253750.4,7023754.720000001,321414.6,22112749.26,7350495.779999999,38955293.1,7682469.220000001,17783943.080000002,2933063.06
201,14924192.820000002,3078690.54,174045.62,28642994.18,21727886.66,16734340.16,24861587.78,2360.0,6288873.6,357763.4,14068966.360000003,12290076.299999999,29307852.580000002,18428793.2,8173979.92,13283268.08,329115.2,26982907.0,13593598.040000001,39336567.0,7926592.539999999,16299646.36,2849290.7800000003
202,12601608.0,2937179.38,297032.42000000004,24287969.46,16144006.620000001,24064654.2,26423286.5,1706827.0,5880799.3,769994.6799999999,18159155.080000002,12013731.38,30819237.9,17393545.78,10162335.82,12406319.48,356168.38,24256091.4,13154318.96,34361141.54,9143351.9,16561762.66,3235508.96
203,11972434.74,1188446.8199999998,187983.76,19028392.98,16462488.680000002,17382414.1,23867647.419999998,8254644.019999999,3611672.66,1157783.4,15466285.579999998,12471653.120000001,28150878.419999998,19864648.32,10162549.0,14624446.98,411130.2,26090299.919999998,9984242.74,31236637.639999997,13580609.539999997,18709480.04,4631488.159999999
204,12121366.86,798525.2,429271.83999999997,16774801.64,14670434.88,16953656.380000003,25877285.719999995,3249635.7600000002,4527812.16,718038.2,24385160.1,15669988.02,23444417.020000003,22108428.16,9167416.219999999,14609589.319999998,1111710.96,24468499.059999995,15086618.819999998,34037289.34,14130741.739999998,18789210.14,4347831.659999999
205,15155752.0,1940259.86,142110.4,22192851.42,16001166.74,16944326.06,17129063.52,4045372.12,4573290.4,717727.64,18643619.06,10959204.62,20468212.040000003,14276073.180000002,11199991.28,14016481.479999999,484343.6,18672603.12,12908533.16,29936314.160000004,18062576.1,14472507.919999998,10604192.7
206,18019128.0,5221743.9,201913.63999999998,16415259.88,23653209.08,23365202.34,11248766.419999998,4313861.9399999995,4322898.76,1550822.2799999998,16311576.120000001,11772186.84,19454996.96,13544649.680000002,11356597.459999999,12214153.6,369097.8,18306140.52,13306530.52,18957505.38,13244773.82,14216697.26,1978962.0399999998
207,11288620.32,4664088.840000001,189155.06,13767700.9,34507380.62,22532518.82,9133805.92,6591138.08,5591634.58,3941067.5799999996,10490903.16,10474456.26,16124495.860000003,15963884.34,13276182.959999999,11401446.5,334265.0,15081738.7,11353703.9,22384182.919999998,10220780.080000002,14611081.579999998,3234552.2399999998
208,9576711.819999998,4114338.2,409871.36,13245367.319999998,35780684.5,19382610.479999997,10348134.72,5229982.18,3536321.9799999995,404360.0,10846851.26,12102304.34,18244737.740000002,10327709.9,9519826.059999999,11382179.820000002,376489.2,15406387.059999999,7898034.9399999995,24714166.040000003,13613309.38,10372389.24,2614986.44
209,7317677.5,2019861.08,166999.4,15779041.34,30316869.660000004,14906230.66,10895445.559999999,4267853.9399999995,6138749.720000001,251417.4,10184038.38,8681859.819999998,14170630.36,10562628.36,8742732.58,11441738.66,334528.62,16359786.060000002,12843198.94,20614854.12,12408416.680000002,7990764.18,2341739.58
210,5090985.84,1491918.02,297358.38,21887680.28,33587582.3,17773314.46,12004331.66,6874253.779999999,4523699.58,547711.2,6969613.720000001,7681688.260000001,10693680.819999998,8760834.040000001,11624662.559999999,11881913.8,409234.22000000003,17227473.54,11645943.78,20453598.119999997,10066471.299999999,9420409.320000002,3435211.16
211,7284284.1,939481.0,205631.0,24906867.5,34488830.7,15978852.559999999,10872698.319999998,6062005.0600000005,4304886.279999999,244949.6,10295554.620000001,7619866.220000001,16772084.479999999,7605736.8,9240234.079999998,12923487.620000001,446458.6,14785420.040000001,10194414.1,17620096.220000003,11484864.66,6745950.9799999995,3148504.56
212,6616642.96,4156818.4199999995,396794.46,15649749.180000002,21767016.939999998,23522337.86,8776232.280000001,5533011.9399999995,3533636.78,228271.8,13411114.400000002,9793392.239999998,16029579.36,9135716.24,8482802.540000001,10547874.14,450983.82,14273481.4,9281731.02,21095000.440000005,9414462.04,5073777.7,4198886.9399999995
213,11422929.44,2256175.8400000003,327597.5,18083061.4,22565318.759999998,26204044.740000002,11154930.08,6504074.84,6400465.38,1557339.3800000001,13371570.48,10025346.02,14507972.6,8934406.419999998,7998843.040000001,9093218.120000001,371322.62,16120132.020000001,11497884.06,17071551.6,20802102.759999998,10245642.919999998,2878391.7
214,8534437.959999999,2825876.88,237700.86000000002,17166515.16,27992525.1,23871773.22,14090837.62,10613114.92,7459501.039999999,1327573.32,13479671.419999998,13167863.46,18330760.8,9273926.559999999,8840408.76,9095411.9,372582.02,11918993.139999999,15997701.24,15040990.7,18441845.46,12076580.24,4421569.680000001
215,12120769.72,2077855.7,744483.4,22195333.639999997,26411260.08,22338191.32,14668465.1,12270748.48,6275693.880000001,767473.72,14543170.3,9336506.02,18876264.560000002,11514668.620000001,11052029.58,6405119.08,414088.62,12750323.0,18097038.08,17819003.060000002,11752846.879999999,12636091.26,3453853.7800000003
216,13324980.16,2630420.0,538203.5199999999,13962545.419999998,23196490.08,22463928.419999998,16467461.180000002,16465021.4,6262048.22,421743.25999999995,15265918.02,13086647.540000001,17055003.880000003,10317913.76,15997233.540000001,3137564.9,330282.2,14906972.420000002,16656242.220000003,15666023.34,17481222.740000002,15493346.9,3555518.28
217,12085307.780000001,1788080.6,1269238.1800000002,15056922.800000003,20552127.459999997,20734453.419999998,19809214.580000002,12954274.96,3619184.38,413180.33999999997,16721203.9,11788526.959999999,19471831.8,11738332.42,11967502.179999998,2969341.04,647676.62,14083852.959999999,13533088.12,17904772.48,17291483.18,15674556.819999998,2179290.38
218,15923081.6,1949177.3,1007559.8800000001,16618856.98,20098907.0,27105366.0,37203648.0,15282102.36,3214724.54,378592.94,19102995.5,11019732.36,25028333.080000006,9424493.639999999,19553437.240000002,920843.1199999999,670189.02,13197717.4,18070054.34,24432299.160000004,18761147.919999998,14974265.280000001,3520419.9200000004
219,18984566.82,2545017.56,617055.64,30320831.839999996,19027189.66,35044069.32000001,41927199.68,14965765.580000002,2676593.34,357587.88,22519834.8,13729446.079999998,33366305.559999995,13516699.440000001,22818843.52,2269611.96,469655.75999999995,19389930.0,17843743.54,28872606.619999997,21694685.84,21126490.04,1096867.2
220,20728262.940000005,2074831.36,1348038.44,39458443.18000001,24747667.06,38558317.339999996,32572566.26,12497943.3,3727952.4200000004,922584.2,25862866.4,19348363.159999996,40348873.88,12872867.06,43037311.5,1666639.0399999998,1482418.24,30683178.159999996,20511158.9,40994627.2,44320363.5,30091095.78,1921008.2600000002
221,30793042.76,1001351.7600000001,266980.77999999997,38575752.7,27271909.96,37608830.92,35540983.42,15283577.940000001,4277798.9399999995,1251575.3199999998,32400263.98,13897019.38,47998365.72,16294903.040000001,44348100.56,1635473.4,1470552.3599999999,42595797.400000006,13932658.5,34739944.12,40530082.46,49333877.02,1834914.1
222,35872000.44,1350630.1599999997,274340.68,39949862.62,19176534.940000005,32574705.139999997,33550577.859999996,16653568.280000005,3238980.04,2003678.8,24031432.32,13064191.0,47201382.779999994,29243935.48,45219551.739999995,2159457.7399999998,970349.9199999999,43939074.64,14158850.819999998,35141989.980000004,36602823.50000001,45101444.96,3667275.659999999
223,27582168.96,1780400.0399999998,566041.8,36786717.739999995,25117308.18,34482832.58,25840470.78,23907526.34,3477177.6399999997,1029831.22,24066702.02,10266214.02,44708232.1,36965113.32,40596489.9,1591533.42,638818.6,39685509.92,11988827.299999999,39820305.86,32064622.380000003,36579522.58,2807348.7399999998
224,36995388.94,1252336.7,852635.0,36753556.34,25118613.72,33349498.6,30792021.679999996,20335293.5,2740403.4799999995,492605.4,26440342.920000006,12312535.919999998,36362849.339999996,31127415.839999996,45702176.5,1141153.04,332867.0,31961162.619999997,16935376.18,39084020.080000006,32192583.6,37033125.68,4093861.5
225,31815393.880000003,398086.64,244689.3,36412554.160000004,18707131.24,30362308.059999995,36545837.64,19095114.339999996,3600095.5400000005,736095.7,25870044.4,11931639.82,37921019.019999996,30465386.04,45900679.260000005,1199168.22,475464.8,31470255.4,18396297.560000002,49402440.14,34754953.7,36518460.08,2218756.56
226,27423163.28,600831.82,186222.4,33423436.18,20742064.04,32071292.46,41457586.6,18043796.5,2957706.68,1264953.4,25012363.080000002,11584994.66,35799463.9,26138732.1,46140825.559999995,1569208.72,386089.4,33794202.18,15225219.080000002,48006099.14,37007035.900000006,36282369.379999995,4511317.4
227,20572427.62,665896.26,163777.2,36833068.34000001,14700774.8,37445500.52,40050921.7,19315232.119999997,2823846.46,1376487.4,21432248.7,14192542.5,32823597.9,30510322.119999997,47269223.46,2399295.2199999997,386470.4,28675506.880000003,26196951.18,42399156.2,40495285.480000004,32517247.179999996,1975554.4600000002
228,18893525.740000002,2270390.7199999997,304454.1,35339956.82,15078791.959999999,32900147.32,28997098.080000006,17609953.36,3421658.9200000004,712686.6,19606724.72,15261670.98,38813575.08,26515789.919999998,49539254.4,1597712.6800000002,439631.02,26862993.660000004,27045306.2,30276005.2,42540403.98,36119387.839999996,2953684.9
229,18520679.699999996,924961.14,394088.2,41750329.940000005,17455369.62,31505697.2,14766735.459999999,17832084.7,4314631.92,1952664.6,26845948.0,10477980.0,39666707.18,32364485.959999997,48560090.339999996,1630996.74,1225191.2,30714083.660000004,35335024.04,29570444.360000003,43268526.67999999,40708376.14,2780899.04
230,17561841.499999996,820399.6,261689.0,40454168.8,23574189.080000002,35371417.8,12808015.4,19772394.44,3187059.06,534097.2,23546909.080000002,10444696.02,34206807.82000001,34120575.400000006,40113400.38,2229437.4,443276.0,32473232.160000004,28940415.839999996,23341498.76,42119578.68,42568174.38,3139538.2
231,18065440.48,2133383.38,719337.0,40870609.8,28122510.32,31644832.240000002,15337459.959999999,16207514.260000002,3803767.34,1643219.2,24083144.440000005,9937753.6,31358829.620000005,34929052.56,39035334.019999996,1520153.1,578223.58,28329767.26,27706178.560000002,21754728.919999998,41504662.7,46473160.0,2398485.3
232,18626296.0,1541300.3599999999,468082.6,36321700.279999994,34062657.72,25721880.500000004,14656781.8,19270011.059999995,3600033.4,838462.14,23432345.359999996,14530814.059999999,37725796.96,27047149.740000002,40002275.72,3622496.04,485320.0,28981034.119999997,31551415.74,18525167.740000002,41809386.279999994,40937477.14,2084550.8
233,25585994.44,395947.36,780075.2,43634902.54000001,36656844.1,18996490.06,15993885.739999998,16739157.280000001,4252875.16,742766.2,25297046.8,14542785.62,39525178.34,34813890.940000005,43108878.239999995,2256999.0,571994.2,29231702.919999998,30003858.52,18662351.080000002,41127134.2,40747935.46,2280755.0
234,18923127.04,316835.27999999997,372433.8,45424960.26,37904287.06,18153614.9,11007010.98,12831636.4,4237762.14,1425813.0,23440748.0,16018688.760000002,35545571.24,28201758.22,34675787.74,2536594.62,722906.74,24557797.22,23409560.8,25680926.560000002,30674602.0,39571028.739999995,1901112.8
235,21657905.54,544213.46,165024.2,45141207.88000001,31561581.379999995,12472532.139999999,11189310.9,13064319.54,4805108.12,954590.8,23196520.140000004,18981840.000000004,38589777.86,24282375.259999998,34575961.72,2140280.0,1042936.0,27709996.96,31745552.279999994,19593449.880000003,29433732.080000002,35340901.480000004,2771814.4
236,18186933.56,2147165.54,673884.0599999999,42551659.58,25868469.4,14586471.88,8556279.9,10777652.919999998,3761956.0200000005,734486.0,16604503.579999998,17725452.139999997,37665683.22,25613123.419999998,25500569.48,1614771.7,815776.98,25227048.48,24115639.6,22751610.560000002,25388389.779999997,36222532.339999996,2555492.04
237,19524025.419999998,1578042.28,354465.2,43470387.06,22438538.58,11577785.48,8923435.559999999,12621253.960000003,1327184.06,604263.0,17448653.16,16200030.64,33983378.42,33995091.019999996,23284803.24,1853900.6800000002,650484.9600000001,20913477.94,16552089.26,12593115.34,17130387.68,22454866.419999998,1669662.1
238,12588205.219999999,1684483.64,83168.8,29640613.5,10091471.62,11143065.84,13081872.0,7426394.359999999,2355352.2,853561.8,7999858.6,9814324.66,24435290.200000003,25374865.54,11585828.500000002,1450190.2,455279.6,9532983.18,16697017.220000003,8633397.72,16224929.76,10320190.139999999,2050838.2600000002
239,9936736.52,1732132.64,158727.7,7026504.7,5600518.14,4925372.319999999,8268400.279999999,6020096.08,975202.04,496321.68,5146101.539999999,6892037.5200000005,6903544.279999999,10114986.14,10135199.540000001,1961127.72,806399.0,6149679.539999999,11393756.94,4424033.34,7064876.9799999995,4530406.04,1116332.7600000002
240,5474648.540000001,2218394.0,150531.8,4831377.64,4211517.1,4292475.959999999,6402225.0200000005,5677980.54,1208836.06,256815.0,4612119.26,4897556.46,5379804.0200000005,5352486.4,5257570.26,867205.6,732207.3200000001,4874992.24,4094943.6,2954635.7,4408202.84,4385943.06,1069312.2
241,4857648.0,3273608.66,262890.2,4319629.9799999995,4136709.44,4857205.18,7060392.140000001,4846212.640000001,2894932.8,327768.2,3437424.0400000005,4401599.84,3237284.36,4982643.76,5521015.46,1672154.22,1041211.4399999998,5520564.5,3606788.9,3332545.92,3659547.38,3749560.5199999996,1765283.8399999999
242,4205730.88,4325193.8,143119.6,4208545.84,7251409.8,3539805.0200000005,5777009.58,5076878.54,660096.4400000001,434329.4,2594361.2,7491159.339999999,4634814.220000001,3789424.5800000005,7400504.140000001,1319230.6199999999,673486.72,3618606.8,4588697.54,5602675.42,5892290.54,4034076.5599999996,2229391.7199999997
243,6005183.04,1132681.48,74609.8,4970168.4,3371812.4800000004,3053663.6599999997,4879782.92,5692499.9,1240150.4,1067363.6,2430451.3200000003,5431593.02,2775373.3600000003,2336066.0799999996,5869894.12,1526324.4,364361.02,4550102.8,5368711.4399999995,2512750.1399999997,3044240.12,5509006.56,1043753.9199999999
244,6305522.6,1315327.8,305334.2,3416071.44,7819958.74,3068365.2399999998,6823225.840000001,7130211.959999999,230986.8,721345.26,3102705.44,3277999.54,4347085.74,2964132.68,6448833.279999999,688379.4400000001,537312.0,3462327.3600000003,4288511.88,4342602.76,4543303.779999999,13293124.84,853379.4
245,7084950.2,2005614.7399999998,429883.0,3836661.06,3042816.54,3083704.62,5110373.300000001,6964126.58,956523.2,1076631.5,2713200.5599999996,4410792.9799999995,3825891.6,3540300.0,7647494.4,1372768.2,391345.2,7603870.779999999,4418319.840000001,4619962.3,6376347.840000001,6052799.300000001,1082741.0
246,8506469.64,1666926.8,63117.8,3023624.74,3280860.1799999997,3928333.66,6521418.5600000005,7352251.62,2027597.6,1563775.6199999999,4892182.64,5280538.56,6141705.839999999,3280824.1199999996,8694636.940000001,696528.4,579070.0,8097285.719999999,7065123.32,4959345.58,5338408.16,6226762.4399999995,1072469.6
247,11812309.36,1694877.8800000001,56917.2,3201901.94,2871400.96,5580097.180000001,10327552.379999999,10599062.940000001,1264960.5,863879.4,5650265.32,7275452.92,8020574.1,2877609.48,10888099.680000002,885315.54,660381.2,8636997.440000001,7207005.38,3312223.7800000003,10569992.16,4116858.34,1233805.8
248,7630086.08,1692962.6800000002,78074.45999999999,4568236.959999999,4343680.840000001,4949630.5,10921002.059999999,10443726.16,543474.28,718174.8,6438982.94,7413419.219999999,9334036.74,9253269.1,10288343.36,1692061.0,860850.8,11032616.36,4540525.0,4445591.9399999995,10421765.860000001,4931905.76,854177.82
249,8154289.359999999,1709669.92,236226.6,8891763.98,4957410.260000001,6277822.62,9157833.84,7477849.5200000005,788252.7,745606.6,8290551.159999999,5598341.92,9780798.76,8120936.460000001,9620188.760000002,1480115.8199999998,478907.42000000004,6544941.4,6162868.959999999,8592866.82,6492564.5200000005,6572488.140000001,1713273.22
250,8157585.819999998,1303391.0399999998,124097.2,7633760.879999998,7224194.360000001,7952601.4,8756235.02,5831943.2,1110049.02,845714.0,10170509.959999999,5994652.42,15084115.979999999,6223773.279999999,9849359.04,1455033.8,434493.42000000004,8557022.9,7381306.24,8775309.92,12732799.040000001,10370378.12,915938.5
251,8110909.6000000015,709027.1799999999,251070.0,7330901.06,8905957.639999999,7475984.26,7828312.42,7584400.4799999995,523043.66,259381.6,11410893.38,10872238.26,10042372.239999998,10895280.74,14640750.040000001,942224.22,554357.2,8353826.8,11886122.559999999,17758411.88,13193414.680000002,10280483.38,1122686.4
252,7873143.340000001,529279.5,904458.4,11311117.66,12463353.22,9223180.94,11096195.44,8034274.659999999,660649.0800000001,470584.2,15574876.52,11934045.879999999,8389009.2,8969507.7,14049027.84,856280.8,911264.5,8445377.52,15772907.260000002,20524908.82,9672603.86,11153080.64,821229.6
253,10094855.62,614153.82,1687356.6,11819888.66,24541937.22,11970182.28,12877936.8,9215882.9,2197755.44,422360.4,16513961.4,13027776.72,18796409.439999998,13706307.1,14080165.12,901756.2,1050441.6,11330901.84,22965393.06,17733982.22,16289366.62,8955458.16,1087817.2200000002
254,14840916.02,367501.1,897107.2,15282789.1,23813808.68,12931162.360000001,16751368.14,10029338.62,3852574.4799999995,390224.0,22348720.860000003,13870586.459999999,18448506.880000003,16975991.42,16675185.120000005,406885.8,850603.2,11576564.8,31987273.639999997,17298538.3,20672331.68,12347785.060000002,569130.0
255,12341768.64,637601.24,581798.6,23337025.139999997,32311244.0,14914872.76,29249217.839999996,14973779.280000001,2477946.82,1162027.72,20352678.54,17370534.919999998,15434050.6,17717595.4,21327327.419999998,496044.4,713515.1799999999,11566294.639999999,40051213.89999999,28521854.080000002,27466553.779999994,13720752.7,608110.4
256,15317379.720000003,870589.46,468882.4,23249423.839999996,31219863.119999997,21071159.48,28064777.28,12435669.56,4226917.74,1303789.9,19281314.3,18348705.12,18811507.42,19101490.44,22648571.16,667413.0,591200.26,13598112.279999997,37931181.660000004,20354696.0,31563207.54,13995552.459999999,508595.6
257,18556616.86,329518.04,309582.6,16300675.16,30034803.8,14633175.139999997,26334112.96,15100686.779999997,3530427.0800000005,2249223.88,12185230.48,14733165.819999998,16173644.959999999,20412639.9,22915212.419999998,655103.3400000001,789893.96,13196859.1,35745720.8,22092163.52,28525072.22,15849957.0,594071.26
258,24930676.4,294241.06,133441.6,21709857.2,26926714.76,12314357.400000002,25379353.740000002,16540124.280000001,3509720.3600000003,615487.4,18599722.04,18714722.839999996,20829839.12,18410162.34,16217541.1,875676.4199999999,1459484.74,18197039.66,27805098.759999998,19138666.78,33139511.9,20219031.76,668426.0
259,26609523.8,367195.22000000003,542080.8,20692102.08,28319409.560000002,12786326.74,29151391.240000002,19436659.240000002,2529261.2600000002,694135.0,16533962.660000002,19556127.6,21073716.919999998,19611544.48,16945351.380000003,932072.8,696720.92,17713952.720000003,29876974.940000005,23067734.8,34346263.32000001,25807734.020000003,526432.74
260,23034607.44,386053.64,180820.2,17365350.28,20782629.54,13800321.34,15791309.12,17853469.619999997,1900407.6800000002,1090118.0,16835658.7,14837555.14,13342973.680000002,26557419.52,14386248.66,417461.8,638729.1,18019135.66,30147349.2,18979147.240000002,25487856.74,21329284.04,552891.4400000001
261,22445654.18,201050.84,217783.6,14566800.179999998,19971890.34,20431155.259999998,17168035.32,19834243.02,3895341.159999999,401850.2,24427918.92,17025821.139999997,13044571.3,22167085.360000003,17162489.46,1000434.0199999999,1156063.68,17504716.419999998,19341216.62,18827019.74,27069878.5,24629786.68,827775.0
262,20008610.7,485279.7199999999,136872.8,14497657.3,18537208.7,25572763.96,15921979.12,23769131.9,3224273.4400000004,358862.0,28450934.46,15802747.539999997,14268041.6,28094426.72,18788599.259999998,1240463.3199999998,658818.9,27988587.6,20254164.4,16452959.36,23296577.72,27450443.6,1214868.0
263,16295361.3,380207.1,114993.8,25682552.48,21656525.380000003,26490352.360000003,19745063.82,28690331.119999997,7195980.38,222966.8,30768417.740000002,18433035.860000003,16262340.879999999,25772922.3,16613241.12,655299.26,685413.2,33691288.72,21686165.36,19950652.4,24222281.040000003,18263406.82,1070682.6
264,14384785.180000002,188516.4,92127.8,22206142.7,19862701.68,25843274.720000003,17687990.16,22461380.14,2588761.2199999997,648071.6,23993043.16,16391237.84,16242208.8,26550673.5,14841987.440000001,453071.98,817708.0599999999,40206701.0,22005332.06,26364056.500000004,21924968.68,18638974.5,1701345.2
265,15628158.0,206190.86000000002,486513.64,19693784.12,21270918.380000003,21887074.54,18252604.34,19769288.02,2127046.4,650849.0,24062706.139999997,13458649.2,18069396.18,22301614.84,12831116.18,677008.62,769357.9400000001,28879760.860000003,19182405.5,20466548.98,22536281.840000004,21587935.380000003,920391.4400000001
266,18775524.880000003,209606.44,322319.2,21241086.18,26839726.94,25531998.86,14001828.160000002,14004292.16,2436972.54,255553.4,20987880.660000004,13786726.279999997,18476827.520000003,22982292.18,15022783.559999999,543638.76,825338.44,13131808.780000001,16874893.560000002,19968104.660000004,25082367.08,15448788.559999999,1225851.6400000001
267,18558847.18,248240.12000000002,307452.0,19726185.98,28886703.419999998,14422792.36,14744274.180000002,18766555.32,3613268.44,358395.4,18970818.259999998,16641702.559999999,20885858.0,18871519.08,16682056.1,1051835.44,1017872.4800000001,15062320.5,16659794.16,21265501.619999997,26180705.22,17394059.96,697111.8
268,14688144.459999999,343636.1,752893.4,18091743.839999996,22326229.2,17662304.78,18837693.86,19232070.259999998,1533005.3800000001,521410.6,20368789.68,11967030.180000002,18958957.080000002,17600648.939999998,11446235.260000002,484653.6,541735.78,14907239.940000001,15518715.080000002,20652831.8,27358390.4,16472350.12,1317721.2
269,14098287.34,125454.6,257706.0,20393196.78,17703814.18,18554249.74,21118304.020000003,21929365.18,1274309.5799999998,491328.36,18896338.8,14777468.539999997,19505164.6,18671502.1,12515733.2,425812.2,559991.3,15882417.059999999,14684351.4,21793357.04,24317353.18,22188429.36,1012090.0
270,14624130.3,498832.05999999994,329131.86,16895198.34,15565026.8,14166649.419999998,15995752.059999999,14004496.66,1408437.0,318508.4,19288204.1,14861467.540000001,19815983.32,15923735.919999998,14978525.7,533563.0,561645.9,15485647.059999999,14447319.7,24140197.419999998,16478520.66,24902464.4,1256267.8
271,15128946.559999999,902792.1199999999,207908.2,22380994.919999998,15634316.959999999,15901348.2,20422362.54,16588374.459999999,1594724.66,281007.2,20377371.2,13672581.86,21220796.72,13850211.4,17105448.339999996,510249.2,703431.64,22911378.8,13778870.160000002,18454271.439999998,15183630.48,19524288.48,488188.4
272,13785164.719999999,1356046.6,90062.6,16418714.9,16706671.14,16525934.74,16819839.82,13096934.620000001,907840.1199999999,201681.8,23641442.68,12498301.0,20358066.9,18027274.119999997,15017022.440000001,381637.22000000003,890876.74,16655108.439999998,14862385.3,23531863.0,19142589.6,16040189.1,809636.8
273,8712657.8,1028413.4,92160.8,22137004.3,18857300.02,22432856.68,15217780.440000001,16204067.120000001,713800.1,663585.0,20438780.6,17927148.04,18893676.540000003,18020943.880000003,13827624.379999999,1247771.3,734838.58,15714798.2,8397407.440000001,23857639.919999998,21959489.560000002,23917910.480000004,1035345.54
274,14370691.02,564541.2,609425.4,17487980.34,19115266.779999997,24797986.4,15742682.260000002,18368195.66,705636.22,519992.8,25215571.28,18721061.54,20515446.72,18474942.16,12749018.440000001,900475.4199999999,982380.68,12320324.399999999,12071930.180000002,27875067.76,20101105.7,26467755.46,1464260.6
275,18156527.68,205911.6,498248.2,18301942.619999997,20230078.1,27406730.419999998,18514127.080000002,23618637.380000003,548994.26,273896.4,27666590.76,16788999.82,24507981.419999998,12390331.78,17123412.740000002,928585.5,516666.0399999999,15851938.679999998,11355224.2,27206248.339999996,14751931.819999998,29562958.720000006,7479660.8
276,17495727.24,372327.2,117501.2,19799442.999999996,15804708.9,23100123.28,23041241.279999997,24774657.580000002,4594644.779999999,1037458.4,26085383.1,17545427.76,27077626.080000002,18057271.82,12668212.499999998,757390.6199999999,721475.24,21604186.339999996,11424412.440000001,26687960.419999998,19372700.48,22781173.540000003,883393.0
277,21755158.48,252110.6,133949.6,20252599.339999996,15910566.280000001,19828758.48,18052712.18,21509870.7,2424965.96,1255235.0,26568325.8,25138194.76,22039036.440000005,20734306.72,15172145.920000002,959240.76,786844.1799999999,24696144.339999996,15165440.7,18950611.68,20325435.1,18276330.4,1055943.6400000001
278,21519381.56,245267.0,110806.8,21323337.380000003,14701117.620000001,16759478.219999999,12066914.48,17957735.64,1370107.7,550505.0,26372536.44,22951731.1,24205326.2,20381292.740000002,11479560.92,962578.1600000001,665096.8200000001,26038129.64,12422595.98,18820327.1,19269882.139999997,18505342.6,1487535.6
279,16972749.38,350907.44,88361.6,19630947.32,15801354.440000001,23185331.960000005,9433798.02,16976127.54,731279.9,324641.0,22016095.1,19320612.32,25862906.080000002,14634061.9,13379875.540000001,972384.2399999999,861230.9799999999,33376523.660000004,17976174.5,16234200.540000001,21513509.2,15111215.320000002,1163683.8
280,12664094.639999999,644264.64,301817.0,15194107.66,17863717.84,17034233.7,8559106.1,14224088.459999999,732085.72,710820.6,21175627.759999998,18020157.82,21671915.96,15114888.3,9955736.1,414895.24000000005,868031.1199999999,31625372.479999997,16077597.34,15848955.86,20419874.160000004,10044579.34,812620.5599999999
281,17072720.18,275731.8,393003.6,13380187.420000002,15851133.5,16504686.860000003,13608787.940000001,13123658.240000002,896972.8,718674.6,21067494.6,13766170.6,23022219.419999998,16049424.84,8553304.9,740571.22,515922.72000000003,26934072.500000007,14099907.940000001,21011963.759999998,20773795.82,11421642.48,698205.6
282,14299078.34,201108.2,115092.2,11323100.98,20186108.04,15120517.02,9633278.059999999,10175346.540000001,1446251.22,211788.0,18540350.580000002,10672296.260000002,17045860.439999998,16473461.5,14613748.940000001,1048448.0,366351.94,27619018.040000003,12326328.719999999,15524927.559999999,14111334.34,14680543.559999999,1411197.8
283,14665544.4,154065.6,385566.98,14473508.26,13598455.26,12011698.68,12747146.620000001,14176227.2,1258149.6800000002,297303.6,14254318.739999998,8863587.540000001,13167102.34,17912607.1,13357353.42,961557.2,599255.9,28656490.700000007,14469075.559999999,13520165.120000001,12539629.179999998,17461729.259999998,680853.4
284,13865919.180000002,381649.75999999995,775912.4,15656393.0,14614701.24,13069833.88,13974145.36,9416744.179999998,1179289.6,267507.6,15987916.3,14576370.0,20922268.36,15911849.279999997,13968998.12,1197698.1199999999,797126.3799999999,21539920.06,14904889.919999998,11556964.819999998,11455635.34,15488070.959999999,604789.4199999999
285,15244712.760000002,168125.2,763942.6,16646714.0,13312064.879999999,14132820.319999998,17314721.6,10544833.26,1696098.3399999999,553302.8,20257176.98,17298176.160000004,18528627.580000002,13762406.6,8636375.059999999,1559365.48,738534.14,21956362.56,10042444.0,12738444.62,13383483.819999998,17645268.96,542758.6
286,20067852.340000004,245566.6,957604.8,14148067.779999997,17844519.46,17391579.2,15171492.38,10171272.8,2454946.04,628643.0,22778945.4,21446043.32,16699877.680000002,12975094.0,10936470.76,857596.9799999999,1520469.6199999999,23729039.6,12798631.28,14046149.320000002,13865955.0,21189365.619999997,562766.6
287,17938930.18,246621.6,158956.32,16951868.880000003,18228740.06,22525685.2,16568642.020000001,10303753.48,1876446.94,246534.6,24037364.48,36094817.94,21774801.619999997,16351263.460000003,10731324.440000001,1977808.56,902500.6,20873573.12,19099306.28,15917043.219999999,16850507.619999997,18664233.46,805230.04
