bytes_ps,354924.9398333334,410204.03166666656,348577.91433333326,316562.58733333345,290691.2421666669,192165.28716666668,254845.7243333333,232028.444,134504.14,107861.667,210912.34816666672,211690.9315,241406.54416666663,174096.74266666672,98284.85183333336,112739.26149999998,74846.47016666668,94939.204,91285.5355,113924.45383333336,86745.7145,124306.97016666664,144901.1005,130515.0666666667,111427.94333333331,129205.88483333332,91410.58766666666,67464.77100000001,182329.61566666665,81751.46566666664,86874.52100000001,74354.95516666668,57919.58433333332,33741.848499999986,47634.99883333333,43578.1085,36689.71350000001,17033.51,11532.074166666667,11925.99,10036.636666666667,2119.715,2518.328333333333,2843.515,5576.803666666667,4094.59,3397.35,15644.4145,13374.353666666668,13931.660833333333,11617.509333333333,10648.816833333332,11900.626166666667,20997.97,32775.138666666666,13993.875,17833.256833333333,12664.71,8396.724833333334,8366.205,9179.526666666667,13313.38,16074.2745,17017.523333333334,13265.753333333336,12116.452,10988.841666666667,10196.425,11309.64,11000.15,11262.146666666667,11659.3,12360.36,11301.413333333336,18046.336666666666,12130.661666666667,11180.083333333336,13098.098333333333,27490.8,15091.465500000002,20820.450666666668,11454.066,10965.826666666666,11316.7,12402.756666666664,11492.348833333332,15194.344333333334,16234.2835,12729.405666666666,14093.182666666666,26576.96966666667,18675.287,49678.37166666666,30621.48333333333,46240.47366666666,89462.29650000003,168428.8265,222471.2468333333,245877.82816666664,195490.09533333327,260549.11166666672,204783.6895,227309.32383333324,244231.23599999998,140786.57766666665,103127.2495,150329.77000000002,172126.73066666664,211752.3995,290897.0701666667,429344.2141666668,528784.7449999999,573423.1901666665,399963.2574999998,311785.0453333334,296894.0165,368435.75366666657,338175.27150000003,314257.9915,187707.84783333333,86102.47116666668,85090.94933333334,111587.27333333332,169323.15833333333,131536.462,135570.79516666668,149733.32466666668,226522.37216666664,282283.3048333333,429501.6683333333,379002.1801666668,302533.09999999986,250107.8598333333,311119.7671666666,239886.93166666673,247942.30716666672,187481.8543333333,271060.15583333327,327090.7143333333,320767.7578333333,247806.79016666656,241371.85616666672,242588.5994999999,316723.1876666667
bytes_ps,3714.208833333333,1837.3733333333328,11905.225833333336,10974.495666666668,19617.25,4683.368333333333,5042.25,4690.32,10384.17,11429.304833333332,19241.98783333334,12074.169666666667,10877.034666666666,11905.962666666665,8955.912999999999,11263.876666666667,2940.161666666667,3495.86,2957.2266666666665,5340.873166666666,19817.1545,6523.062666666667,18564.26233333333,24904.066000000003,11634.595,2112.788333333333,6335.81,4695.721833333333,12100.476666666667,11037.2765,11484.120833333332,14042.251,5442.301333333333,4324.0453333333335,4521.324666666666,3912.4965,6577.9236666666675,5138.066666666667,8291.598333333333,3445.133666666666,4558.991666666667,9477.936666666666,3206.098333333333,3923.9933333333333,2824.463333333333,17070.757666666665,5249.809333333334,6354.181000000001,2003.7216666666666,2443.4766666666665,8778.306833333332,5984.181666666666,6240.193333333334,6037.251666666668,5851.657166666666,7344.531666666668,9023.739,7840.296666666667,10316.561666666666,5529.681666666666,1937.995,12952.091666666667,16598.461,6212.451666666666,7222.327333333334,10505.416000000001,13141.560166666664,2665.3035,2073.672,16934.846499999996,2566.6725,12915.231666666668,16248.672666666665,21079.49433333334,13348.589166666665,21564.80483333333,12132.63,5193.088333333333,7466.215,37172.37566666667,16109.100166666665,9533.172166666667,6815.350166666667,3706.212,19927.3985,5090.951666666667,25280.68666666667,15766.189166666667,17795.200500000006,2871.550333333333,9742.448833333334,5114.706833333334,5436.643333333333,171562.31749999998,105993.76516666664,7220.798333333332,15755.473999999998,32392.5535,45662.33333333334,57001.58683333334,70852.92416666666,34380.21833333333,22823.20883333333,82381.93950000001,51118.32733333335,20261.6585,53441.61883333333,40864.43816666667,36820.83833333333,37451.62383333334,25634.85933333333,26091.91833333333,13753.52783333333,10556.06733333333,26627.932166666676,24614.858166666665,16143.731000000002,7175.406166666667,31043.398500000007,28471.80233333333,45766.68883333333,45482.294,27674.521166666666,28015.039,28355.27166666667,16770.151833333333,9528.611,8375.852833333334,10000.895833333334,5511.969000000001,4892.537333333334,7212.390166666666,3289.227166666666,3815.388,3909.089166666666,11680.2015,19870.5,6420.44,5203.6483333333335,4968.120333333333,7666.6370000000015,2959.7816666666668,4581.458,4101.568333333334
bytes_ps,3174.0695000000005,9218.5135,6203.223333333333,6663.7685,7219.494333333332,6241.3315,7184.1883333333335,4826.983333333334,6194.503333333332,3288.65,13715.258333333333,11496.768499999998,9228.889833333333,10841.293166666665,8132.130000000003,11203.349000000002,8828.992833333334,5841.105,1588.2866666666666,17230.111666666668,12340.703166666668,17292.306500000002,9937.076333333333,16693.777166666667,4631.630166666667,9463.087333333337,5203.355833333333,5182.5805,27763.733833333332,19246.559833333336,7497.417166666666,12394.634666666667,6197.038666666666,9579.959666666668,4283.424666666667,4835.952666666667,23414.5735,4899.262333333333,8157.582666666666,3650.2331666666655,26499.837000000003,12353.505,28781.074166666665,26175.160333333333,20011.7635,8536.496666666666,3105.22,1221.3,3218.6185,4360.215,4482.641166666667,5805.888333333332,3404.03,13923.682166666666,36746.18466666668,11503.423333333327,5605.209833333332,3703.695833333333,4505.891666666666,1288.5316666666668,6469.603666666668,5506.720166666665,5248.132166666666,13885.132833333333,21143.327500000007,16870.435500000003,9494.821000000002,5117.241333333333,8279.335166666666,3881.174333333333,3300.670166666667,3916.672333333334,1099.095,895.295,2745.6,2280.21,1244.6633333333334,903.3316666666667,905.0633333333334,896.3266666666667,7771.631666666667,878.8083333333333,941.79,1052.8,899.465,1087.52,18800.96483333333,8856.0835,5668.2965,6791.6979999999985,3727.2,23319.884,7328.979333333333,4537.563833333333,5510.585,3982.518333333333,5175.846000000001,5997.5535,6012.327166666666,9858.2705,3512.3748333333338,4041.8015,4761.518666666667,3258.9058333333332,4807.256333333333,4191.578166666666,6036.599666666666,8184.868833333332,15062.014166666666,13538.462666666668,13458.4935,7003.187333333333,9144.369166666667,2916.663333333333,5821.185833333332,8175.216666666666,10401.315,4478.816666666667,8569.577166666666,2015.8041666666666,3445.183333333333,1814.4116666666666,6126.81,1000.2916666666665,2619.1755000000007,3126.393333333333,21598.45833333333,12324.215,6487.208333333332,5629.3533333333335,3321.6983333333333,2098.8883333333333,4822.0120000000015,5248.093333333333,8421.661666666667,4475.333833333333,1518.5283333333334,9230.613333333333,2095.423333333333,1659.736666666667,5790.171666666667,4172.159833333333,12832.125,9304.676
bytes_ps,312260.6058333333,327136.6515,345103.2746666667,320663.75600000005,305693.294,239184.29266666665,267882.80366666673,231866.17666666672,186619.69683333332,129505.80899999998,148394.55816666668,143842.24133333337,136383.11366666667,126823.12516666664,141507.5045,128075.41483333336,131405.47783333337,169438.72,126867.7765,122840.07383333331,166881.77733333333,142320.7265,169615.02116666667,135026.62366666668,144219.32066666664,157940.1375,165044.87716666667,137391.51433333338,131834.92016666668,85482.925,101042.92266666664,85360.53766666666,102298.14916666668,42042.03016666667,68149.56766666665,102094.65016666667,88180.56583333333,28994.680666666663,12177.156833333333,7458.86,8968.419666666667,5733.926666666666,8459.681666666667,10590.965,10220.465166666667,15634.416333333334,25611.781666666666,7606.675333333334,8009.178166666667,11542.199833333332,12060.444833333335,35423.65099999998,14862.698833333336,7661.705,9968.11,10491.696666666667,6385.023,4964.122166666666,8428.643,13425.7675,9538.718333333334,11781.766666666665,13820.876,10656.002333333332,16746.4185,21445.80783333333,14319.380333333334,11031.632,27025.43166666667,15557.125666666665,14260.797333333336,8491.685,11295.104833333333,5463.417333333333,13862.568333333333,20767.3125,23119.49833333333,1868.0666666666666,1534.785,1568.095,2545.31,6002.056666666666,13159.118333333336,1787.936666666667,12172.003333333336,12577.215166666667,10245.703333333333,27369.11783333333,15191.275,12149.975,20756.795,1090.7516666666668,7349.09,127313.00883333336,652589.7901666666,657949.679,482997.6364999999,399441.6413333333,436126.3048333333,573485.3841666665,571045.4471666669,360969.68700000015,324730.44216666673,251524.67316666673,241870.0721666667,389954.56483333337,281106.75483333337,328015.40666666673,241828.90183333328,391164.0735,650284.9656666665,639471.5029999999,609717.5875,585470.8709999998,642419.0563333335,677706.4883333333,666305.0235000001,754718.0678333332,716850.3886666667,305559.31833333353,76258.39683333335,76489.28533333332,60439.43749999999,51879.389,112166.6745,124705.51616666664,192758.38600000003,321831.78533333336,329584.15833333327,353349.66066666663,266101.2538333334,334835.08149999985,349166.0568333334,341393.9346666666,320707.8385000001,327301.6105000001,321297.66,298249.35799999995,333767.0194999998,341285.70583333337,238119.12566666663,214971.74366666665,269192.5583333333,259166.13883333327
bytes_ps,372395.9315,317635.8721666667,293975.2319999999,319645.5343333334,194603.25199999992,186384.95583333337,185387.19316666664,194840.60366666672,209422.896,175356.89266666668,163896.01216666665,166579.94966666662,123818.24433333332,76209.34933333332,105812.76233333332,68168.53416666666,99645.3755,307260.1913333332,474768.6578333334,332387.91666666674,219166.4185000001,209046.2325,274992.6388333333,314592.7716666666,253406.40216666672,114976.46316666664,146273.39849999995,121212.71800000001,118989.118,103034.53066666667,84938.09883333332,65266.87950000003,74461.03083333334,88219.33116666666,109301.38966666666,85755.04583333334,74873.89283333332,52715.46116666668,57554.05550000001,31767.88883333333,31151.028333333332,9108.251833333332,15587.588333333333,10685.335333333334,10277.11,9830.133999999998,10013.067333333334,27743.28333333333,7580.626666666668,5635.885,10538.438999999998,6512.964666666668,11735.689833333336,8391.732333333333,10609.349333333334,7270.783333333334,15580.334333333332,12254.5335,7109.996666666668,4605.566666666667,5099.5616666666665,4565.581666666667,6051.127333333333,4481.843333333333,5411.385,19017.57816666667,9690.6815,6200.484833333334,12320.323333333336,6883.283166666666,6911.5171666666665,7079.8611666666675,4914.326666666667,7138.135,7511.328333333333,4121.835,4677.708333333333,15041.544666666667,10519.743,8049.748833333335,8472.374666666667,5434.502333333334,5791.528833333334,5825.685500000001,5480.275500000002,9393.097666666668,11442.545833333335,5509.089,6863.398166666668,4888.921333333333,13407.836666666664,8442.571333333333,20768.166166666666,44022.53133333333,72255.77083333331,74744.76849999999,110782.77516666667,182303.84233333328,266753.29283333325,303838.518,353544.7013333333,271720.79416666675,255596.68016666657,484671.5808333334,550812.9513333333,567303.4416666665,369436.13083333336,453364.8765,364571.8128333335,326050.80549999984,433496.4751666667,369115.35933333327,365214.5413333332,295356.9903333334,271118.0131666666,430805.8283333332,589329.1818333336,578882.2370000001,402558.3998333333,130766.58133333336,69568.5545,88526.85233333331,90523.12733333334,51268.84283333334,77509.09250000004,134417.93333333332,308377.42033333326,467708.77233333327,510455.5576666666,460384.3693333333,339620.99899999995,334947.78399999987,342780.1671666666,464386.9196666664,333583.6948333334,259994.5313333333,296366.42633333337,327877.87399999995,264293.95983333327,254187.2671666668,280957.0945,281538.0275,232723.051,300610.49600000004
bytes_ps,317349.732,282119.5105000001,329518.2553333335,257963.52416666673,394266.05900000007,407005.17350000015,502645.25433333346,519866.471,432477.272,259658.4988333333,220229.1635,190925.0595,175654.01266666668,103193.9745,122432.47216666667,81042.14216666669,108801.84433333334,105087.31783333332,84907.46849999996,54894.33766666666,91079.58383333335,68823.3335,87586.17749999999,122768.69150000002,143795.91516666664,113458.1735,96226.34316666666,111137.87933333332,75561.56549999997,83391.32799999996,129095.68033333337,64546.203,52027.21533333333,19678.2165,22851.971666666668,62423.53,55560.51066666667,34719.17966666666,39553.295333333335,11586.9595,19667.000166666665,8139.221666666666,11049.058666666668,12584.415,10833.052999999998,9832.583333333334,27838.80666666667,22990.91483333333,18582.706666666665,12377.487,25042.5655,15897.164833333334,11770.151833333333,23166.586000000007,18067.958,6509.581666666668,8748.878333333334,8116.886666666666,18515.200666666664,12577.4785,26704.05233333333,25737.220166666666,23019.953666666668,11133.4845,15191.838333333333,12875.595,17770.152,25337.65183333333,20649.131999999998,15006.560333333333,10766.955166666667,14744.317666666666,11541.97,14440.6685,8607.475,6853.318333333334,5685.358333333334,5258.6483333333335,5429.425,8246.491666666667,9030.538333333334,6213.065,5729.286666666668,6524.3888333333325,21316.66233333334,10511.956666666667,21672.368,25794.753666666664,16875.896666666667,20727.562833333333,8830.649166666666,15637.441666666668,57134.69766666668,270467.11666666664,771566.5296666665,816914.2330000001,563701.5588333332,383398.55666666647,365719.1198333333,264716.5448333333,373961.1783333335,345392.23583333346,282483.18699999986,382481.00966666656,285740.34283333336,281268.05850000004,414386.5216666667,385083.0378333333,359986.5153333332,517911.9609999998,634726.2355,558812.8143333335,530931.7221666669,579306.6081666666,536715.3710000003,558468.7503333334,372653.0880000001,255217.892,218035.478,133903.65133333337,76247.34283333331,54945.57233333332,51267.24883333333,79236.92366666665,93562.10933333334,128571.54716666664,176611.36016666665,232050.29266666665,297536.1218333334,209172.36783333332,285262.30500000005,433859.30266666674,397752.9105,332956.5935,301804.62100000016,250566.64683333327,324656.5951666667,435039.3068333333,357740.68133333325,332873.4181666666,279491.0046666666,226101.7975,226688.785,332643.87
bytes_ps,315653.22166666656,344843.7826666667,348450.64516666665,308063.3378333333,306888.76,218841.789,227112.4763333333,236933.92983333336,219317.22966666665,125413.84466666664,132475.38250000007,102019.84066666669,103600.36366666666,117943.31233333336,155995.8121666667,127015.25833333332,128049.35899999998,109636.73516666664,91783.39699999998,82286.37016666662,100233.4333333333,111192.30716666664,153378.2095,132275.9355,112293.52183333332,136984.98983333335,158881.16233333337,144951.76349999994,169456.96183333333,93074.74833333334,86023.04033333335,84759.40416666666,67908.50233333334,55572.03016666667,34530.07016666667,43992.29866666666,76617.83183333332,16566.560166666666,16807.157833333335,41784.80833333333,51567.90183333334,14047.973333333333,7604.2305,11339.273333333333,7900.855,4491.05,5931.791666666668,25644.085,19317.377666666667,23405.72,6667.681666666666,5910.123333333332,7930.948333333334,15332.269166666667,9505.239666666666,6261.451666666668,7087.357833333333,7720.105,4697.6016666666665,10282.031666666666,7217.66,5209.825,4583.2733333333335,6551.828333333333,4754.31,5597.6246666666675,6401.76,4604.676666666666,25117.44666666667,4757.866666666667,4763.341666666666,4300.636666666666,4766.183333333333,4902.1866666666665,12162.256666666664,5971.4783333333335,10088.763333333334,9173.288333333334,7325.483333333334,7379.753333333332,9888.65,7382.451833333333,5855.0216666666665,6897.779666666666,7990.289333333332,10433.9595,11774.113666666668,10615.842833333332,10686.354333333333,7928.628000000001,20209.695,9146.543333333333,28984.26,140707.8016666667,455956.6445,413735.27583333326,242799.86099999998,359652.91116666666,361374.11716666666,298830.81883333327,399505.76183333335,419091.1159999999,358386.24366666656,169854.7695,177029.83566666668,190641.9165,166093.0196666667,239660.85600000003,302305.63133333327,659423.7306666669,567612.9139999999,494925.4053333334,561148.8276666667,679237.5691666665,364698.61283333343,234545.62800000003,255422.2295,184969.349,145664.2955,177918.93566666663,112188.47633333335,88806.60416666669,99446.6595,140408.09116666665,167323.6325,138204.56200000006,199784.43533333327,383338.2165,453324.0853333333,454422.8748333333,274661.20366666664,297225.3578333334,299504.9541666666,239550.85283333328,332966.64899999986,303484.2883333333,266980.1688333333,285473.41116666666,342449.6121666666,179172.60416666663,184732.45033333328,186503.539,260740.5580000001,264501.12000000005
bytes_ps,216982.3545,267102.92183333327,279089.43499999994,298059.7238333335,257063.34466666664,216035.41466666668,280787.80816666665,234074.25266666673,175662.11666666664,182195.8045000001,123530.6135,118442.32766666664,97256.32483333332,95526.24316666664,89714.77516666666,96779.71533333334,99854.9605,81561.8953333333,54990.47350000001,98138.20916666668,94102.16783333333,80349.43183333334,90317.3135,59600.33183333334,79167.56833333331,81173.115,75401.31599999999,77863.81016666666,88468.75716666668,56836.49766666668,56424.39266666666,70867.77850000001,38736.59133333334,67950.30766666667,59949.33616666668,52460.24566666666,30989.54816666667,22715.84816666667,39152.8815,54768.05616666667,15069.9835,25200.05,3529.193333333333,5469.915,5473.588333333333,2974.798333333333,11054.521333333336,11778.097,15377.325666666666,7631.324833333334,8232.648666666668,11801.617833333336,18627.168833333333,13120.207166666667,9512.802833333337,13815.865,8339.420166666667,5599.1715,22529.280666666666,21956.756833333333,12282.421166666665,7625.534333333332,11659.732666666667,9610.929333333332,4339.7485000000015,5703.45,4405.721666666666,4313.006666666667,4248.358333333334,4621.613333333334,6227.425666666666,20891.043,28926.83683333333,21012.308333333334,10532.164333333334,15890.061666666665,13453.702166666664,19803.69966666666,17202.554,4474.085,4321.866666666667,4507.495,4918.163333333333,4424.880166666667,16853.24783333333,17703.576666666668,6510.835,7733.928333333332,23786.06233333333,5329.725166666667,31470.80516666666,16063.903666666665,15470.91,57238.8495,39923.86700000001,66762.03783333334,70044.06116666668,101980.23,46.65,29.42333333333333,25.825,83012.2585,60791.73233333332,90875.00016666664,79148.63433333332,107802.15699999999,100309.0565,190698.86166666672,245160.803,252065.56616666663,231512.6769999998,338009.1218333334,328586.7319999999,311325.23849999986,295350.31716666673,299832.5725,300076.4028333333,215799.63283333328,194990.89066666664,112054.087,87701.60983333335,89744.82033333337,117452.82116666665,149594.28800000006,149346.464,111802.864,143751.313,208359.31583333333,229469.63616666663,299806.5293333333,314064.27199999994,437162.19183333335,351922.23466666666,273090.3956666666,343011.96200000006,254940.59266666672,244175.0145,349890.2753333333,385704.40233333345,291115.52650000004,227897.88916666663,202929.78116666665,166346.4786666667,170625.21900000007
bytes_ps,38906.48933333334,20876.15883333333,19504.20333333333,15906.948833333336,17400.379999999994,27856.60283333333,20212.895,23000.902000000002,30560.40266666667,39901.824166666665,16988.686999999998,32418.002499999995,27789.84583333333,21838.95533333333,19792.830833333333,4879.048333333333,11247.928333333333,6594.428333333332,18444.126666666667,7265.8166666666675,14287.6655,11217.2335,8119.4146666666675,8054.46,35161.887,8687.508333333333,7688.765333333334,21803.550166666668,12328.2635,19642.082833333334,11057.298333333334,18389.586666666666,19130.35,12350.883333333333,8724.771666666667,15939.445333333333,4306.447,3201.3316666666665,4928.133,3311.0066666666667,7520.4333333333325,5591.596666666666,5089.3533333333335,3686.3683333333333,4186.155,3456.9966666666664,4207.098333333333,9023.447666666667,17053.003333333334,13767.646666666667,61468.92333333332,10905.165,16856.54,15025.9785,4394.153333333334,3167.438333333333,3213.7366666666667,16552.87,14448.5925,9514.0465,5065.100333333334,5433.027333333333,5610.122833333333,4796.431833333333,2897.6383333333333,2932.8771666666667,2800.1116666666667,2407.883333333333,3501.788333333333,2659.555,2707.860166666667,10161.8985,2781.965,3910.1766666666663,4416.393333333333,4372.5633333333335,3657.8135,4077.4385,3828.808333333333,3715.063333333334,3621.935,3419.0533333333333,6760.3083333333325,3697.887,3756.903333333333,3688.981666666666,11719.919,10611.104333333336,5555.0673333333325,4542.460666666667,16151.073333333336,7685.795666666668,9524.6035,72509.29716666666,149190.30033333332,100045.46616666668,121892.8186666667,97892.51866666666,96142.71916666666,97915.24666666667,97026.08766666666,79103.93300000003,75842.52133333335,82621.11116666665,80625.59750000003,73571.54883333332,82784.18466666668,114459.95766666668,82343.605,49094.31566666667,66714.59466666669,55967.98066666668,52837.49183333333,48179.6095,64469.09033333334,58256.88666666666,65440.90466666666,75357.25216666667,42409.50066666667,27754.618666666665,34198.073833333336,15835.390333333333,9895.916666666666,27437.98416666667,11097.724833333335,13609.105666666665,23820.03766666667,52754.34416666666,64644.54016666666,50324.84683333332,48297.907,86835.44850000001,39298.39683333333,50418.67483333333,23394.29133333333,25026.347166666666,13513.6685,10455.254,58496.75616666666,17511.56333333333,13575.48766666667,22536.67416666667,23961.56616666667,36094.9415
bytes_ps,7259.7316666666675,5378.155,6128.6016666666665,4616.355,4198.066666666667,9303.420666666667,8349.029833333334,11791.759666666667,8972.2395,12492.265,8790.123333333333,11594.416666666664,10370.350666666667,4457.091666666666,4531.4428333333335,9566.341666666667,7389.85,7658.015166666666,8706.255,6003.805,16036.52,23984.891666666666,19211.854,10143.055166666663,14955.963833333335,6822.197500000001,7519.168833333332,12592.758999999998,13669.403,12243.213499999998,8700.170666666665,5786.5385,8978.917333333335,12077.888833333333,10225.633333333333,8436.1755,11372.901666666667,7633.036166666668,6104.731,10437.680833333334,8574.601499999999,8042.701000000001,5277.885666666666,5321.5008333333335,5609.3330000000005,5539.052833333334,6727.4235,6143.010666666666,3728.856666666666,4063.955,5615.871666666668,6398.945,5261.0419999999995,13734.021333333332,31616.6635,23499.98683333333,11888.88,16715.402166666667,11809.922166666667,22482.96716666667,17563.452833333336,15886.316666666668,12756.678666666667,9828.175833333333,32007.647999999997,13841.991000000002,11626.555333333336,20121.536666666667,3777.603333333334,6793.648166666668,22338.98166666667,21978.221,16693.313666666665,14629.795166666667,12498.851666666667,3507.02,3616.676833333333,4825.8516666666665,3749.008333333333,3106.201666666667,3238.903333333333,3293.3216666666667,25085.769166666665,5678.276666666668,14388.97,12211.197166666667,4940.2755,9290.043333333333,19265.431666666667,4510.416666666667,6716.94,10720.233333333334,6130.221666666666,6394.84,4749.943333333334,20732.5955,15037.141333333335,4315.050833333334,9488.333333333334,4229.095,6862.1833333333325,16064.817333333334,11964.715333333332,45765.74883333333,5464.8116666666665,6605.506666666667,14880.093166666666,17458.72533333334,6957.696666666668,6134.840166666666,18117.996,25279.250166666665,10239.175833333333,22012.00666666667,22211.26,18144.303333333333,13176.902833333335,19836.698333333334,11156.241666666667,11249.028999999999,4871.526666666667,12514.108333333335,14983.139666666668,20230.4585,12198.178333333333,9209.13,7441.205,12935.431,29608.448166666665,10913.52,12433.068333333333,4848.573333333334,10824.338333333333,5116.24,8439.491333333333,4995.963333333333,7210.556666666666,6615.743333333333,19105.77833333333,7292.883333333332,11912.46,4242.43,6840.086666666667,7293.1466666666665
bytes_ps,462465.89583333314,514423.6976666667,323455.00849999994,369942.851,274432.08400000003,208380.64866666668,288276.8071666667,231803.76883333336,183462.98466666663,146061.88199999998,173834.1063333333,131669.87199999994,134787.68733333336,92159.4845,137766.71783333333,124843.29016666664,86608.09250000001,102392.97116666666,116837.54483333328,119467.27249999998,87048.05016666665,107806.29916666668,124607.42366666668,163850.47200000007,97534.675,101624.48216666668,63319.21183333334,155201.35000000006,127189.47616666667,133618.36566666662,112202.19366666664,80381.53633333334,84545.78000000001,70138.48100000001,62847.64483333335,86075.13933333334,71524.02249999999,16764.358500000002,23839.84966666666,20321.047,41325.16183333334,22364.426166666664,13544.4275,16204.374,11820.793166666668,10887.396,9619.072833333334,12317.620833333332,7010.300833333334,7912.023333333333,4628.9995,4969.663166666666,7586.380333333333,7600.117166666666,6637.473333333332,5063.130666666667,4853.7505,4673.9425,10805.118,12534.814333333332,25795.66283333333,7841.736666666668,4032.04,4707.961666666667,4969.958833333333,6234.855,4585.965,4506.973333333333,4500.108333333334,4312.535,8910.606666666668,9646.506666666666,4673.933333333333,4453.8533333333335,4886.966666666666,4400.415,4556.458333333333,6680.7716666666665,4558.378333333333,4574.75,4517.121666666667,4791.008333333333,5124.276666666667,11674.494166666665,9246.724,7996.638499999999,8725.082333333332,7292.598333333332,7763.051833333332,11068.375,15980.41483333333,15142.176999999998,23461.343999999997,55011.80116666667,61895.06466666666,74861.87800000003,166660.0811666667,210052.54283333328,233361.4958333333,153479.04450000002,189523.38083333333,280212.0055,358573.1596666667,223353.994,175257.41366666663,143876.40283333333,223189.04066666667,233523.681,266559.34933333326,346856.91916666675,485526.0864999997,400817.7861666668,435919.89433333336,387038.4315,387105.606,396917.11266666674,406078.2680000001,388643.9011666665,283776.3061666666,109549.66783333334,67079.52750000003,41873.43766666667,48465.88333333334,87853.73300000001,122746.11749999998,179845.02783333333,267406.9826666666,355844.99500000005,262221.20650000003,292780.70583333337,343863.14683333354,493494.6016666665,400464.5775,332989.1576666667,327209.404,330546.4608333334,367335.194,440684.68366666656,438780.9075,403238.59616666666,352026.0196666666,273288.911,302042.44400000013,390135.9156666668
bytes_ps,626714.144,563102.1023333332,483701.0051666667,657768.1249999998,711879.5131666668,606365.1691666668,495506.9233333335,451127.14566666656,231607.54166666663,163271.2105,162452.96750000006,194046.30066666665,136099.38983333335,124914.89533333332,132816.75166666668,96118.00483333334,163265.63100000005,410906.49816666654,362673.24100000004,419766.57816666673,387973.72766666656,278150.72466666665,152345.05433333336,198668.39366666664,245775.09466666673,153697.96016666663,114615.88616666663,143971.9285,124209.64766666669,100130.60533333335,90807.10033333332,81265.9096666667,52554.72550000001,47871.68433333334,73484.42233333335,34770.55866666667,29848.837000000003,36723.602,44050.7385,22352.94816666667,25040.05666666667,7924.8708333333325,9384.788333333334,11094.600333333336,10340.865,13633.723999999998,23758.736166666677,25896.45633333333,8977.534000000001,11221.940833333336,10208.172666666664,24639.478166666664,19827.522500000006,24728.22466666667,20904.8205,12516.63,25655.14033333333,17510.793833333333,31031.5055,19744.176000000003,9345.68,14453.716666666667,19350.665666666664,6864.317666666668,5665.0616666666665,5562.041666666668,5994.662166666666,5355.961666666667,6857.35,5036.246666666667,5443.486666666667,14701.715,5649.496666666668,5968.57,6006.45,6017.64,6201.57,7286.1285,6335.776666666668,5798.001333333333,14127.640833333333,13552.521999999999,9186.1215,6006.4506666666675,11627.1735,11580.040833333333,17211.5955,10942.753333333334,16013.612,35825.451,17641.828333333335,21386.73316666667,28835.19833333333,59706.43433333335,82247.758,96800.08333333336,182941.0675,206771.8108333333,233232.8141666667,206347.2965,205188.44783333328,204044.8708333333,221909.93866666665,185388.6925,173201.36800000002,127512.95400000006,165156.15216666664,187536.41233333328,207293.1208333333,206243.15366666668,277044.8545,194420.0418333333,202034.7978333333,214812.80966666673,214497.0915,169853.7468333333,242279.9973333334,291671.0730000001,282712.3565,139219.6848333334,77492.96916666668,107689.603,64073.27099999999,104633.26233333336,108431.34283333331,140557.42233333335,208015.1883333333,260342.6781666667,275682.2578333333,318923.7536666666,265528.1356666667,285298.1949999999,248749.0586666666,253570.2403333333,222870.82266666667,237783.745,253545.4086666668,295917.1779999999,355696.85433333326,352269.5285,264886.0701666668,162799.03166666668,265621.218,479507.1771666668
bytes_ps,349964.5963333333,384089.1733333333,464140.5993333332,423743.0641666666,420483.2215,528055.0196666665,418928.85716666665,542900.6313333334,330547.3861666666,230553.63666666663,251526.828,131028.14566666668,147117.45366666667,131195.448,59620.98366666666,83704.93933333334,87642.70516666668,103195.40416666666,70520.701,138449.98383333327,84101.93766666665,110040.17199999999,113587.59216666668,87020.15883333332,179820.32366666663,134622.8925,86347.86166666668,154041.21466666664,89689.13566666668,110124.93466666668,104781.66933333332,89798.00216666664,97011.84666666666,78093.34633333332,70494.56766666668,47088.87816666666,63996.710999999996,54914.54133333333,34026.09566666666,30776.00750000001,25398.49233333333,23953.430666666663,21402.086000000007,9214.087833333333,13322.508,13997.787833333332,17699.224833333334,17786.193166666668,11029.471333333333,18858.393666666667,10409.851999999999,13493.6985,11493.892833333333,17889.94733333333,15669.878333333336,17863.167499999996,23915.68133333333,15527.4475,9695.165,9887.4935,6860.108333333334,7064.16,6442.805,6652.213333333332,6740.326666666668,9035.101,10567.738333333333,7717.89,6638.701666666668,6380.263333333332,9028.166,8756.951500000001,10661.288333333334,8262.708,8582.857166666667,8910.354000000001,8956.306999999999,17850.400833333333,9019.578333333333,9161.250666666667,8390.266333333333,8305.106333333335,7396.908333333334,9346.5695,13148.124833333333,8490.0075,13255.567,23267.698833333336,14826.291166666664,10749.012666666666,14027.57,15360.493,14258.0245,153324.44216666665,475673.7003333333,584004.2948333335,563033.3501666666,578342.4903333335,563529.0366666665,658049.9651666667,500001.598,491417.63599999977,365938.5755000001,296495.7735,270128.06749999995,228881.37749999997,254479.5996666666,310058.5446666666,304390.29733333323,486621.98866666673,736226.9966666668,765913.4573333334,619032.2363333333,571858.8483333332,654002.3521666665,546380.3119999998,643758.1274999997,617794.5758333333,597075.5136666668,261156.95399999988,71809.06983333333,61751.56316666667,68108.14450000001,118018.99950000006,159290.29583333337,209387.4018333334,226545.15533333327,282354.6456666668,291542.93649999995,349196.3003333334,219896.2081666666,254419.85399999988,285930.0415,328022.3793333333,320534.34733333346,341973.167,327097.8619999999,375195.2345,409305.52099999995,417235.2689999999,372451.12816666666,251774.68983333328,328757.4661666668,320622.32750000013
bytes_ps,410029.97,293779.156,306770.3111666666,252396.27033333335,210217.9983333333,261300.34916666665,157603.26133333333,172912.27916666667,168580.59683333331,136470.44516666664,118160.66483333336,128744.19083333333,173303.4588333333,97536.80366666667,84194.62383333332,80079.62649999997,85317.47799999999,120154.70983333336,95283.466,94631.91266666669,92507.32166666666,192344.39666666664,131771.46,108164.81816666664,81307.28766666664,98145.09733333332,107923.2045,124509.69633333333,116872.31283333336,103209.03133333332,115752.27866666664,72088.26866666666,94879.0715,86709.24683333331,99532.87416666665,61876.38933333332,68445.66500000002,58843.287,48489.10616666666,32152.48466666666,24298.50333333333,8180.603,10528.41,10019.436833333333,11111.915,7318.155,14837.396666666667,20164.485166666665,34744.34533333333,16886.231666666667,15588.4755,14481.330166666667,19158.3535,9902.879166666668,14899.805666666667,13687.908666666664,17369.431666666664,18690.63166666667,19883.40283333333,12177.876666666667,30733.48166666667,13034.7145,15964.0365,9254.735,24909.2655,27207.018166666665,29159.010666666665,13302.885166666667,29552.634,14849.842,21943.93216666667,11195.703166666668,8434.92,8166.306666666666,8587.778,8309.495,8275.853333333333,8928.381666666666,7977.064333333333,8141.7683333333325,8275.035,8844.4415,14595.441833333332,8640.455,22965.39516666667,16274.053000000002,23456.983166666665,15291.573666666667,19489.94483333333,13198.780833333334,27284.6705,23071.805,28448.934,75730.14133333335,91368.25233333334,150323.97150000007,212256.18866666665,221803.22583333327,273849.9115,288662.6501666667,313829.7266666666,310484.9508333333,303204.17783333326,245904.45016666665,174086.15216666667,136388.09033333336,150584.35550000006,173238.2931666667,183802.0515,191176.609,243064.75083333335,551742.0733333332,513273.3490000001,472075.4518333334,490668.96566666674,575413.5663333334,515508.6723333331,437367.7789999999,496735.12033333327,295748.764,86126.08466666669,51045.75549999999,54203.60566666667,51320.27999999999,144785.04633333333,142658.78349999993,188965.12333333332,289113.2235,329284.41950000013,316847.5568333333,406037.5406666666,448894.5751666669,407102.40283333353,348781.76049999986,302267.9253333332,248116.22766666673,300401.8166666667,257210.61616666673,323263.1545,291794.622,259702.6095,286550.5716666666,247285.4656666667,244386.31216666655
bytes_ps,316183.6966666666,204966.0668333333,250357.60533333337,193741.83333333328,225384.4523333333,240852.91300000003,162392.31083333332,126563.2618333334,118508.06866666667,110009.86250000002,84271.9705,94852.7765,94475.11583333332,74257.15066666668,89462.39633333334,83827.78466666666,100559.00166666666,119298.36883333336,110142.68233333332,127771.42116666668,143404.59199999998,153401.00350000002,137214.9435,77052.86333333333,59065.4855,118189.50883333336,67654.63883333332,67321.74183333332,92348.15733333337,110910.64866666665,126659.79016666664,125156.36800000002,53639.66116666667,34348.00183333333,44279.78333333333,21118.8985,23047.89966666666,37476.3025,49958.49383333333,12173.078166666664,10947.3445,10355.664166666667,10669.038333333334,7113.668333333332,10383.350166666663,16272.942833333333,17213.681166666665,18578.7035,26693.149166666666,17080.933,14261.35,14562.152833333332,10904.084833333334,6989.0633333333335,18342.08433333333,16315.782833333333,10288.867333333334,9521.194333333337,11708.839333333335,10754.177666666668,11218.804833333332,8780.906833333333,7883.716666666666,7137.585,7997.182833333332,8516.836666666666,16027.181666666667,17221.761666666665,9980.855,8351.653333333334,11443.85,7615.338333333332,11258.306666666667,7916.925,7706.75,7979.518833333333,7471.1066666666675,7589.583333333332,12904.5635,11560.963333333333,10888.043333333333,8830.36,7691.0666666666675,8232.468333333334,10136.268333333332,9134.043,10208.749666666667,15663.350166666665,12863.9155,10927.988666666666,21045.458833333334,24051.217166666665,30047.32983333333,38370.12383333333,58925.9095,83721.65833333334,98362.32366666668,216030.71466666667,277180.2525,260263.0770000001,170231.086,169374.04016666664,169728.39583333337,205273.17016666665,152187.98866666664,173874.13866666667,137347.0465,165770.3195,233039.46433333328,353102.3396666668,728211.7671666662,715133.6803333331,763357.1313333331,778417.0751666665,817494.5395000002,659572.7866666669,692592.9496666669,577097.9121666668,406544.77266666654,181008.56699999998,89821.54766666664,110586.65216666668,117469.39733333333,163189.47183333331,165904.4343333333,204084.24233333327,234409.9413333333,316687.6045,379698.1965,276357.43733333336,262906.151,295015.3365,230609.19683333335,264206.99716666684,199683.07050000003,267366.4503333333,240372.0568333332,248936.9265,232002.9868333334,207161.9705,154242.00833333333,233092.51966666663,188378.10983333335,180564.96000000005
bytes_ps,41851.60683333333,6087.335,7148.31,7345.2935,10996.1455,26028.011666666665,20146.801166666668,20402.91183333333,9045.860166666664,15002.7105,23274.825,25066.965,10662.523166666666,7871.0284999999985,9379.485166666664,9381.456833333332,7422.339166666668,8767.762333333332,11319.827333333335,6795.908333333334,6512.9551666666675,12671.672166666667,7846.009333333332,7086.982,13086.223000000002,25919.94183333333,25913.83533333333,22356.90233333333,12061.0535,10306.978666666668,7317.993333333333,9744.5985,7129.026666666668,10236.155166666666,9062.735,11354.038333333336,14180.921666666667,9503.52,10692.738333333333,15403.603666666664,25073.73683333333,20187.108333333334,21729.42333333333,16501.580166666667,14900.633166666668,8525.443166666668,10562.992666666663,9539.170166666667,8908.648333333333,7428.063333333333,7306.125666666668,7536.7869999999975,6612.661666666668,8494.466333333334,9504.747166666666,7136.486500000001,7668.391,8686.2685,6581.603666666668,14668.055833333336,14855.853166666666,10498.114833333333,12019.12983333333,25371.665000000005,15753.314333333332,18785.120833333334,15055.144333333332,9675.175,16951.771500000006,12671.066833333332,5761.973666666668,5635.758333333332,10838.278333333334,8251.619833333334,9065.6735,5466.535,14217.592166666665,7211.795,18375.9465,15771.854833333333,20913.70583333333,8035.9245,19358.30933333333,6391.018666666668,6792.631833333334,5225.8935,5403.0233333333335,5230.5185,5196.505,10834.1185,21446.593999999997,10690.915166666666,15671.538,55231.99616666666,482678.2693333333,662763.3501666667,244980.7733333333,184602.982,132662.88483333332,145353.23416666663,169225.19000000006,225256.3871666667,238550.59,196796.66749999995,190199.32066666667,206711.6785,163675.76883333336,129171.0915,50890.88283333333,26587.12566666667,27517.603666666666,31258.25966666667,19502.67716666667,33070.86616666667,26905.91183333333,31246.5875,48995.79199999999,38973.95516666667,28905.603166666664,28427.64933333333,21161.331833333334,23712.9585,17176.230333333333,13182.032833333333,26434.80683333333,19977.150166666666,14650.308333333332,7524.418333333332,11020.9695,15064.576833333333,11815.7985,15798.021499999995,9417.338333333333,13295.618333333336,7587.215,8698.435,13578.404333333332,15242.174333333327,14305.261500000004,16124.68666666667,9628.887166666666,16750.043333333335,22975.53,23628.379500000006
bytes_ps,11482.023333333333,8852.131000000001,12138.426,17090.80716666667,12176.630666666668,12593.497666666664,16029.788166666665,8512.036,10885.707,10052.464333333337,13723.206499999998,17104.593,13774.426000000001,11254.558499999996,13182.7395,13666.902833333335,11854.477166666666,14969.960166666666,11385.745,8766.487833333334,9035.928166666667,24213.11566666667,11319.298166666667,24334.1375,8710.266666666665,10266.565666666667,6527.527666666666,7285.296166666665,8002.200999999999,8651.449333333332,11826.0725,11078.578000000001,9060.347833333333,27469.883666666665,23336.17183333333,11823.086000000001,8020.404833333334,13686.6345,20143.999000000003,26091.39566666667,10648.507833333333,19019.262,12141.549666666666,15552.965500000002,16273.394500000002,21539.188666666665,11338.884499999998,9374.638166666668,8083.245333333332,12585.5435,9207.340333333332,10331.1125,14085.189333333332,9050.215833333334,12597.2825,11620.79,9536.400833333333,8095.229666666666,8324.361333333332,15850.938833333335,17901.396833333332,7729.963499999999,7626.812,6084.951666666668,6060.866666666668,5856.49,7607.3915000000015,6036.54,6168.6885,5912.468333333332,5300.658666666667,6022.000166666668,11685.845,8402.976999999999,6131.291666666668,6049.098333333332,5249.961666666667,5778.118333333333,10027.8985,5809.823333333334,6009.736666666668,6100.8085,5482.651833333333,5583.0,6134.3005,6036.785,5868.105166666667,5799.068333333334,8193.786666666667,5807.141833333332,7423.866833333333,5449.055,5804.6085,5348.008333333333,11864.585666666666,7318.3315,7680.218499999999,6089.8701666666675,6638.5718333333325,5766.602,5421.081666666667,6394.154833333332,13300.454666666668,5861.3566666666675,5925.1485,7130.773499999998,6852.553666666668,6555.5886666666665,8149.656833333332,9498.7065,24608.08833333333,13409.737666666664,6736.098333333332,6437.998333333332,13873.5185,8512.496500000001,8810.951666666666,14715.356166666665,12218.849499999998,10513.988333333333,14778.489666666668,8648.731166666665,7738.81,10328.76,11164.651833333333,8240.421833333332,16347.550833333333,13034.319833333335,11509.1185,17968.380500000007,14956.6065,11201.934166666664,13225.55,15360.091,9181.059,10542.312833333337,13547.627666666665,12492.056,12569.3285,12719.398333333333,11532.948666666665,8046.732,12797.171,20191.4185
bytes_ps,374798.1625,346406.885,418137.2181666668,341289.97199999995,314933.63849999994,290689.59266666666,239416.69666666648,255098.52,209665.75633333332,138875.77183333336,171927.55800000002,111392.94300000001,81991.72016666665,111024.214,98313.80333333332,94947.23383333336,80035.87583333334,144355.33749999994,230990.2414999999,110192.22866666668,113030.06966666663,111399.39366666669,123985.8306666667,196322.974,170813.02966666667,147021.7916666667,51901.87116666666,41679.392166666665,61879.15983333332,99495.21850000002,77961.492,47882.28516666668,47072.79333333334,45762.37333333334,46251.03033333334,56913.640833333324,53508.57283333334,52357.88583333333,41798.80333333334,28238.74833333333,41052.26216666666,26734.53583333333,14351.548166666667,16461.419833333333,9227.355166666666,16620.601666666666,25925.123,13316.858166666667,17932.881833333337,20793.75283333333,20605.9285,23340.10816666666,13418.441,15530.65,19469.476166666664,24344.121000000006,22111.11333333333,18072.48216666667,15377.394166666667,9227.505,10986.4035,12949.697,7003.216833333333,5287.619833333333,10048.130166666666,8090.4901666666665,8546.304,10220.178333333333,5469.87,5613.283500000001,5689.020166666667,5924.403333333334,11116.0235,8403.173333333334,5553.458166666666,5527.246666666668,5979.8431666666675,6237.140166666667,8927.910166666668,6475.326666666668,5588.161833333334,11429.341833333332,23320.932833333336,6144.4518333333335,7986.4321666666665,40873.25916666667,18524.99233333333,12286.671833333336,11665.962,16074.170833333335,30567.69333333333,33796.572166666665,72387.88783333334,279562.6315,558335.7940000001,579885.2943333334,388558.03833333345,340664.64333333325,360030.52,409473.8009999999,409130.46883333323,419553.26100000006,359509.1848333333,278232.3268333333,264718.10933333327,266774.11316666665,253280.11183333327,205577.6345,241590.2115,271563.7283333334,610658.1296666666,696871.5379999997,528595.1501666665,520580.9088333335,479808.97766666673,506691.66183333343,485106.14200000005,435564.9515,384504.3868333334,130688.856,86629.63949999998,68072.58,92218.31783333332,139452.35966666663,146479.64800000002,140923.74750000006,164802.328,192857.162,223291.4281666667,299258.26983333327,296032.1006666666,513998.9693333335,575720.5155,234951.0773333333,256580.475,319975.21549999993,269749.2220000001,234768.859,385836.089,495122.1108333331,487995.3748333332,468962.5728333331,362469.0218333333,371688.43933333305
bytes_ps,674344.4438333332,788845.5755000002,856080.1148333333,691337.6310000003,642864.2135000001,477346.95166666654,322832.88450000004,313049.45649999985,288631.8485,252017.17,227713.4663333333,223488.94916666672,232290.8053333333,127282.4275,94641.978,73576.51950000001,121449.43466666668,406424.1684999999,522773.9795,463697.91900000005,533419.2315000001,132448.00766666664,161259.9073333333,117517.70583333333,184781.1505,153780.06,102654.686,97234.95966666668,131698.2125,86041.15133333331,107246.86200000002,77614.55149999999,66965.87049999999,71899.98033333334,80319.8,68331.65849999999,44859.105,61115.75283333333,39010.31366666667,33131.56966666666,42668.30233333333,17950.581333333335,16153.149166666664,12398.413666666667,11882.058333333332,13696.390833333333,23666.2885,14103.0935,12290.433666666668,8750.684333333333,9757.152166666667,10857.4545,11655.1215,8369.9805,13959.462333333333,12043.711833333333,17423.477666666666,23370.726333333336,18385.896333333334,7744.411666666668,14601.43,11824.3025,9819.727333333334,9506.8745,8787.7225,9303.616666666667,8082.5666666666675,7459.248333333332,7413.786666666668,7575.068333333334,10005.888333333334,7712.008333333332,8040.218333333332,7457.371666666668,7806.095,7549.69,7882.4,10257.185666666668,11229.7795,13414.979833333335,7814.849833333334,7587.841666666666,7720.283333333334,13261.226666666667,12903.9675,8042.3488333333335,10827.677666666668,14207.528333333335,19005.6845,9251.786666666667,20767.485500000006,21586.0975,33077.74016666666,49274.43583333334,49036.14833333333,52412.97766666666,49850.01533333334,119661.95033333336,174783.84266666663,126850.831,174534.11516666663,192821.3475,233292.9331666667,205501.9535,172843.61566666665,182002.98233333332,173163.45899999994,284122.8276666667,251577.75283333327,299281.64899999986,287031.81166666665,217897.31766666673,294430.6145,345184.7521666666,519836.0853333333,472054.9533333333,512960.6188333334,459625.94233333325,338897.7405,234089.78466666673,64181.10416666666,82978.40816666668,72556.931,118934.40583333335,89194.94966666668,160561.9066666667,322819.16933333327,600320.7295000001,613974.1871666667,480683.9475,412404.71516666666,349502.74799999996,343231.1463333333,279455.731,251692.22066666672,235218.2488333333,193831.60616666664,195226.2865,221582.10950000005,253323.08733333327,251479.21066666665,223295.03566666663,207894.44933333332,265816.1463333333
bytes_ps,215533.6733333333,262026.7076666666,283483.1328333333,213136.19716666668,336430.1858333335,454893.3531666666,459305.9623333335,451680.91950000025,362359.29899999994,234228.1678333332,266474.443,172564.6856666667,106409.63883333332,94458.46483333332,106928.28616666664,110599.83116666664,122547.27799999998,153402.44933333332,148190.69716666668,135050.83599999998,129296.84050000002,90299.002,95492.84466666669,78867.60266666669,95485.52583333332,104376.49866666668,147483.65133333337,134077.08149999994,184489.18016666663,221772.1055,259557.80916666673,200938.68983333328,152476.17466666663,151783.3,135800.7945,113172.24,132615.20599999998,147226.02800000002,90452.73733333332,109052.83550000002,42176.986,32464.19683333333,19184.088333333333,10563.48,16678.0475,8291.421666666667,21636.086666666666,15189.193666666664,14165.27233333333,12267.889666666664,11636.712,9083.5325,7254.114166666666,8459.959,16326.767333333333,18009.900999999998,12240.061000000002,15376.809166666664,16988.170166666667,19166.867,18170.99016666667,19137.313166666667,16736.341666666667,14063.212166666668,17438.12416666666,25184.41483333333,26380.2395,20930.449166666665,22208.62083333333,40444.16066666666,25091.09816666667,21459.897999999997,17377.455,8690.21,16563.08033333333,23669.6065,10909.608166666667,16584.993333333332,13806.454666666668,18048.990999999995,22521.584,8359.131666666666,8846.078333333333,24121.51966666667,22124.46033333334,20740.345,24040.094166666666,22802.8185,31005.604666666666,37606.67766666667,26178.151,17778.464833333335,42873.6275,121100.46983333337,537813.3483333336,638166.1701666666,533772.5906666667,672477.0028333333,781553.355166667,838654.4153333334,652432.1675000002,546648.1598333336,533113.3625,344514.0691666666,377741.8346666666,317280.78616666666,318054.6003333334,273833.2813333333,279756.6318333333,444207.5481666666,631121.4276666665,624685.7986666666,737387.1684999998,753377.1278333333,498720.41300000006,375801.89733333327,309895.99016666674,377286.47033333336,294539.3825,108811.92550000004,52393.18016666667,67628.54633333332,74688.04216666668,68929.74466666668,108653.823,221114.34833333327,318824.0920000001,381836.60316666646,353723.8293333333,351720.01316666673,315051.39150000014,303363.43133333337,390255.0456666667,343613.3856666665,353718.24033333315,354953.9071666666,394912.5243333333,459010.9675,380321.4341666666,292121.06366666674,307174.3301666666,242042.43899999998,202461.74533333333,249693.27116666673
bytes_ps,239639.0663333334,323860.9333333334,299256.61733333336,306510.72533333336,381376.66083333327,391087.40533333353,481824.4651666667,479109.3634999999,178359.65916666668,117136.72833333332,89765.61816666668,201164.458,126490.94383333328,118526.82,163826.7045,97773.49466666668,109142.61333333333,96854.76933333332,72730.58183333332,117051.72050000002,104260.42066666666,101068.44733333332,87688.67916666668,86945.7435,116775.62916666668,106044.75933333332,97149.42816666668,146082.94749999998,109411.2905,127725.1425,112170.21666666666,79432.45550000001,72117.32400000001,58445.79416666668,42720.303000000014,37593.50866666667,19990.487,63049.86450000003,61501.35066666668,34227.85666666667,24286.48,17071.570666666667,9061.1545,7712.463333333332,7915.75,7577.810333333333,24780.766666666666,18570.452,12784.016666666665,16432.408333333333,10063.538333333334,8668.238333333333,9224.625,8065.7716666666665,13348.7485,7109.546666666667,7324.065,8584.795,10324.285,22870.009166666667,28122.749666666667,32276.47483333333,13272.013333333334,13322.338333333333,12833.893333333332,9296.708333333334,11033.183333333332,10819.583333333334,7527.173333333332,8526.796666666667,7319.486666666668,7924.160666666668,8572.279333333332,10770.345,7371.09,8775.5,7440.758333333332,7639.221666666666,9212.856666666668,10894.297333333334,8770.654833333334,7046.9416666666675,8542.478333333333,8357.711166666668,15079.538499999995,8907.844333333333,9499.425833333333,10818.021666666667,14283.525,9915.281333333334,15812.418333333333,11071.581333333335,38974.34583333333,44109.328,120886.05833333332,259147.182,294459.90216666664,177214.32700000005,141853.96099999998,113661.87066666668,130075.51466666664,189366.34533333333,268277.6486666668,195546.2825,216847.71716666664,179594.46633333337,251804.70666666672,251622.43616666665,289772.54933333327,337131.948,707087.0496666665,572228.7156666669,557896.1441666664,645852.6781666668,715074.4221666664,696868.6781666668,691137.6706666668,500902.784,354323.1455,194081.72283333336,67231.25183333334,74471.08883333334,90997.09683333334,132570.00266666667,140952.7531666667,216051.781,216349.754,401157.37883333344,500735.6646666666,562381.4601666668,437981.1270000001,395990.48966666666,370510.4209999999,427192.2691666667,430631.19650000025,263851.2595,342517.3263333334,290441.97933333326,330817.79649999994,339861.5945,343280.58316666674,222091.36266666665,206992.65966666673,255970.52183333322
bytes_ps,429643.235,386896.448,443437.06633333344,400022.04766666656,346583.4188333332,298445.0816666667,214068.373,173619.15083333335,170267.80400000006,165333.06100000005,170175.59999999992,146151.63716666668,128259.06500000006,146320.14349999998,130870.66199999998,122856.71116666668,158006.37666666665,131974.50600000002,126509.0265,131541.91983333338,94806.92266666668,125835.75916666668,179470.02399999995,112629.3815,117425.32550000002,110247.38799999998,72386.4445,69680.14349999999,80509.74133333334,87921.93616666668,104063.87783333332,84329.46183333332,103056.43283333333,80405.09433333334,123302.60216666663,102754.12133333334,71141.96416666669,34325.91166666667,21544.955,11525.960333333334,25569.765,17329.69,14553.952166666668,8282.923333333334,9941.0785,13153.775166666665,12622.0575,17490.2325,10178.6815,6763.054666666666,7509.554000000001,11890.616666666667,14463.3135,6514.077333333334,6801.779,9074.640166666668,15940.424833333334,13113.315666666665,15042.806833333332,11431.224333333335,8435.743666666667,14172.578333333333,14516.331,13943.731166666665,16796.11766666667,22274.67066666667,19780.94383333333,11751.17,5006.085,28222.153666666665,27029.77116666667,23189.61333333333,24875.868666666665,8655.238333333333,8153.561500000002,26170.386666666665,40397.215,22302.18333333333,12390.298,14520.986166666666,11436.255,23564.116666666665,8882.445,8687.675,25529.772999999997,22788.3335,9134.43,5099.866666666667,50180.325,9403.828333333333,11277.521166666667,13264.911666666667,17849.640666666666,44020.35,62857.53066666668,71803.47366666669,128256.40016666667,175551.3585,236567.11333333328,352772.4808333333,284029.9120000001,293927.0225,277180.98383333336,240231.4903333333,153026.2785,134719.66916666663,127661.83849999998,205938.92916666667,259732.53100000005,300839.6276666667,661874.7733333338,680674.7295000002,612929.8813333333,573330.1380000003,640231.3665000002,742011.1198333331,680711.7716666666,624266.0851666668,488978.323,123754.96816666664,67795.86316666666,79525.69266666668,161216.0345,86196.83983333335,95869.94916666667,172090.5125,167571.15666666668,217237.81466666673,248712.57883333336,383556.3815,382992.256,380948.75350000005,335224.24899999995,273690.40433333325,322173.1623333333,370222.9406666667,332984.16316666664,466922.61816666654,342145.86616666673,280137.9826666666,178885.18183333336,267852.27349999995,276111.166,332113.32566666673
bytes_ps,16940.0435,10826.805,14116.278333333335,25020.36,13188.136666666667,15523.121166666666,12914.186999999998,8627.583333333334,11339.223333333333,9895.411666666667,8487.54,25071.79083333333,15458.543833333335,10241.046666666667,7479.91,10584.746166666666,8808.165,15973.597833333333,13683.714833333332,17549.057666666668,15650.646166666666,12879.176333333335,12247.1485,19522.287333333334,23648.164166666666,11354.881166666664,12628.292166666668,11555.489,13424.402333333332,10249.595666666666,11313.8715,10602.292333333337,7515.1025,7134.256999999999,23356.57283333333,21736.37383333333,19331.176166666664,15067.486666666666,12412.439833333336,12422.877333333336,28048.56833333333,14544.643333333332,24531.28566666667,46988.07916666667,21585.695,7766.888333333332,10616.633333333333,11780.175,10953.470666666666,8861.486666666666,13958.423333333334,11523.491666666667,8342.17,8547.811666666666,16089.775833333333,10950.1,7782.656666666668,7191.326666666668,19426.173166666667,18504.02833333333,9487.448,8381.326666666666,7832.751666666668,19298.916,17980.960666666666,14091.395333333332,10046.368333333334,10708.478333333333,9870.638333333334,7105.968333333332,7681.038333333333,7923.596666666666,8618.145,8548.206666666667,10942.905,10474.525,8135.973333333332,9456.991666666667,10731.346333333333,19153.92916666667,16751.06116666667,12150.625,15538.077166666668,16577.37566666667,15862.251666666667,16860.989500000003,15964.172,13665.014,9278.204333333333,16784.638333333332,20748.987666666668,9374.048333333334,72514.54166666669,160051.02866666665,9843.665166666666,19962.352,23273.731,43101.29416666667,57956.191,36167.33666666667,48186.28199999999,65558.30933333334,124600.20300000001,43445.95233333333,41306.05016666667,54864.29766666667,58977.32200000001,65628.52883333334,47790.07216666667,38477.39266666667,31299.353000000006,53955.20333333333,52605.1505,54057.26550000001,47788.1995,46150.19583333333,36377.54833333333,38941.05999999998,35209.61783333333,26393.09183333333,23621.633666666665,27276.21366666667,16134.336666666664,19218.961666666666,21395.425333333333,16988.540833333333,15908.7235,9810.336666666666,9188.8905,9957.156166666668,11505.553666666667,19046.255,21847.805333333334,16024.695333333333,19415.093333333334,14537.135,15374.852833333332,74532.67833333332,16161.138666666666,22093.495,12590.218,17433.76,9562.900166666666,11399.972
