ip_origem,5.526217322522445,5.419849111468787,5.880357447762072,5.700321652466969,5.643959999879336,5.721219039761273,5.610028697485178,5.7969277394680825,5.523944943576568,5.290520927903112,5.289930634335177,5.385942012125561,5.211080204177862,4.948431309034748,5.235312145364475,5.094692817510088,5.533199766494851,5.421534493975821,5.228440689779501,5.275978350281815,5.2995797548317665,5.450241734273144,5.589537999361213,5.534666421358304,5.511590407984186,5.397802103044689,5.026081734279052,4.8713420629392985,4.799439889589053,4.762447569166991,4.750996382925368,4.903398993642171,4.7754630335897525,4.301704573801496,5.002825933859082,4.825431423053849,4.933589802117472,4.491079510937191,3.9583179924222005,3.6974124459182,4.201519079382237,2.9630943432884838,3.489030074373461,4.412201613251252,4.051734855817588,3.242665931857203,3.2516530839655147,3.4952514752773163,3.3774092835662675,3.2699798020480886,3.360299337692432,3.0277451299625917,3.205772539665987,3.335923124795588,3.605841343169644,3.4230621460005284,3.6092169146957582,3.893793257153576,3.9936752929839736,3.999209164348807,4.39864716492568,4.235234860337087,4.285754441421795,4.850848279581574,4.657619875963746,4.478530101613684,4.29669998973696,4.293024623289973,4.017693975727959,4.112133100819984,3.713937368979523,3.680639951328368,3.451459836828108,3.7256988469203263,3.4841934107955104,3.3036991677823995,3.5443426302235936,3.3176883674197217,3.1403597065123146,3.221650059822129,3.614238783841031,2.9954738167997146,3.211692426046445,3.1327611016085823,3.1810254811320178,3.2959356424720903,3.2057687496181884,3.462480337136641,3.428059103681301,3.587404715828316,3.6684225605957033,3.8632997692096267,4.358792506475671,3.890998818908842,4.259475354260323,4.840842165089382,4.810720137780998,4.912776474941869,5.425244007484889,5.3055044075610125,5.360163515622173,5.345168251652616,5.417385666333342,5.26096357501932,5.543965508979921,5.203614674096742,5.162985490727683,5.3909034252599035,5.484432380320412,5.480869727996456,5.739103265371294,5.2568808452015485,5.041227613622659,5.708550356739817,5.488246233167986,5.599760238282415,5.937370584846352,5.825108381716008,5.741477292358207,5.785619463228716,5.483280834617694,5.146018147562689,5.452682118279038,5.4371769061273225,5.176180588418916,5.200631084404872,5.558929258725716,5.634265672960968,5.684526237008148,5.845168714432393,5.721562337915268,5.82087386526585,5.692779430557238,5.636736729971372,5.488798895976042,5.535559247147602,5.521805908228076,5.633317895851183,5.640605011406366,5.452117884767164,5.574553200026396,5.4408275538641755,5.700863885856062,5.898990704557247
ip_origem,3.684764132891631,2.999418024197358,3.8000018566534175,3.963592328671712,4.089512500694863,4.6018735264315085,4.710240393623786,2.951237821376305,2.7791893854741896,2.394834406248614,2.8043236348970075,2.809759352174438,2.6695597790030154,2.797015749046666,2.6436770850304097,2.5130512510070293,2.0667661859151,2.055461798007013,1.903640784501425,2.2374163789721817,4.038027313441988,3.095213192462894,3.788436419053507,3.774606851543471,4.046450812755763,2.5455590716809064,3.3441473129517005,2.8219144417950184,4.552726815334099,4.6187160697788805,4.308621388017022,3.93692931451784,3.8791711090691368,3.707018097468853,4.4212475609828905,4.4659022287299885,4.646428158193619,4.296714084201724,4.094690366737604,3.5257900188689457,3.215977569658417,3.903021735284108,3.915664399610225,3.6122037563908096,3.3741916464672164,3.960960679113696,3.1923175484297506,3.4087568703234856,3.233160365400772,2.8789598521554702,3.7324430961525796,3.2749307392577864,3.3287253128080114,3.489677799926417,3.55763818008347,3.3165095537274265,3.6552139223340827,3.465694170902444,3.5421251668574567,3.2331946843218256,3.2930813184093197,3.435831249467696,3.8398676872429673,3.5401652588675283,3.4037822614078137,3.402774808766871,3.5281978308479047,3.0534496499439285,3.2040416202097686,3.665330486495889,3.4500289811087583,3.81109126801605,3.5680713555455625,3.722172438700288,3.9378859028205526,3.8831071198559273,3.680794438975732,3.750895686096912,3.8106168870004256,3.7762482348658652,4.243579151620953,3.4889036947080068,3.3116545166581064,3.3211114201715297,3.9407592092372137,3.6283105325770486,3.6561742461452114,3.557869826454793,3.326100186383395,3.4538882250664336,3.5912267230048744,3.1525631556327656,3.6019348401082705,4.487306982319937,4.567756924049606,4.023501595001969,4.192268917725967,4.641508321032284,4.8697079606853135,4.868961697406318,5.178989162710203,4.684612199107778,4.138090322832259,4.739170451853212,4.816306897614531,4.6401380726193455,5.242741900780704,4.76024832892783,4.928474534456305,4.5547749221070974,4.396929310334955,4.194899913363152,4.170503437587462,4.1130864853573215,4.089169985208014,4.3879904428807714,4.072335059053842,3.8132531046150313,4.026186353661228,4.3189460663361805,4.536969529509932,4.4734518217261625,4.2418415315177835,4.072115211527037,4.4142380795837335,3.9842241792000013,3.56944136868653,3.4313367805799997,3.5998880178359998,3.5456217549323283,3.276162934291937,3.7830841208703423,3.3627513346643685,3.24432363558354,3.5069673126881526,3.979198584782518,4.167144944591583,3.8773411542078575,3.4307671211731274,3.460336471051672,3.791588345242905,3.1292884233257783,3.103800377213003,3.675801557770624
ip_origem,2.6270242229238296,2.8829448216797116,2.9524387290758694,2.819930890620982,2.580453427148933,2.737993652105976,2.8471731533691,2.6282115053184354,2.83679287801978,2.53871444481236,3.1250129993237468,3.1224090617661457,2.983435850269877,2.8454774841739177,3.004229324940211,2.867464676675694,2.6049393938708243,2.6909613337955625,2.3790124765325493,2.871835287985666,2.9324380402574617,2.9045627451926714,2.9215371397555296,3.138067567366953,2.4728660327548653,2.7405636185318087,2.6286465084388992,2.6713016494534942,2.974688515539193,3.2494526759306237,2.911992835685328,2.8508353222656293,3.0383336108620416,2.8232070399293705,2.58410423749608,2.8871319824541533,2.9202910983717816,2.603863268309725,3.1051785762910558,2.1490708924675155,3.350178621155408,3.0950358930128643,3.1161860390251386,2.831826149004652,2.9408490133293506,3.166762137322406,2.3736944982578922,3.0960521322027033,3.0112823839139438,3.2702194570003025,3.367987598480305,3.1450077533312752,3.38212566952878,3.6501635753878623,3.117407826647703,3.52055740207201,3.4240147408924977,3.2737249043535663,2.9782157865272216,2.7974946496281903,3.399260617386666,3.1337576323875607,3.2643387138751643,3.939705648327685,3.02771628048256,3.265811141959192,3.3398826577722334,3.053384049002279,3.3729238739344423,2.813060395197552,2.8132747423945244,3.2858267955083282,4.38433906276609,4.575969827065644,4.335325410624553,4.273589080053546,4.384622796568471,3.7967090164719504,4.120296247219798,4.199127784208925,3.8202797161510023,4.214784354108872,3.760783119214132,3.9554826472017433,4.339827230756422,4.031217493995202,2.9662860829515494,2.303834504165513,2.542813969946393,2.5061685544909422,2.349547715176069,2.588328287341632,2.5881306635819303,2.194669478750173,2.350140184877709,2.262978885487028,2.35842505897704,2.417859534510705,2.8119307099610666,3.1147678576888445,2.058465196160989,2.2347575735217577,2.4460877940646357,2.083339740363018,2.6311458829564374,2.476115091074535,2.6862592911314302,2.71572612081185,3.3449140555412646,3.6719826250739485,3.055591068688078,2.7773927695082468,2.971896709494773,2.6400876393821235,2.867398999395668,2.830499407934404,2.9387090528270154,3.297127074094804,4.4595708431780885,4.550611558054884,4.482342058703279,4.485691441921301,4.487031337881111,4.433474647587182,4.370952728894544,4.4068997172068665,3.271749237247468,3.1810855497008186,3.0005624572057785,3.004252396479011,2.6172647292139795,2.674810626427921,2.6762952131957976,2.4087587960892582,2.9549957821843207,2.3384489730205966,2.1039334617255387,2.6453146749354985,2.335891362860313,2.1874719358378543,2.833322626907592,2.4889180581270764,2.971857791685671,2.7796278429779293
ip_origem,5.734975510849121,5.647824340804238,5.951289426756076,5.85665353856991,5.800778355732389,5.65413092474535,5.519620627613152,5.3660563242994375,5.747722563828361,5.472732600729804,5.552534221375816,5.549440795453053,5.523570397331589,5.5004296597824744,5.424178430768577,5.32073121866914,5.602918060813622,5.648782503318262,5.4882705722634775,5.259631969853844,5.34411108127665,5.179453140964577,5.4231171740686275,5.60686849997615,5.768009503085949,5.423448801579318,5.623926979410482,5.40686599723251,5.506159151710113,5.35939775994764,5.466606709132575,5.315076596713513,5.400679022936141,4.840608266537839,5.300945496276492,5.1500522318044055,4.8226442854444205,4.647693793024153,4.122087839711662,3.587715235551161,3.6290771544792686,3.5203236443360875,3.5062761211766063,3.5140040814730424,3.5226982853338833,3.776584398879719,3.9412662334186086,3.494000100494777,2.702665946755507,3.0345944368954885,3.0317292233690365,2.968973622040601,2.6431972088484628,2.704705009039133,3.1413362294311207,2.7965744892622397,2.828970406147189,2.80764077627945,3.5298567416570217,3.843108229387584,3.608751063638144,3.751434607065922,2.8425411654910584,2.8247180418838282,3.1453108510161663,3.007836676038826,2.7456100263206547,2.8624743612558463,3.657595090464216,3.2812120957228585,3.391743945464732,2.9814790913073934,2.8069155898844285,2.586280223392926,3.1387170370799766,2.8732409711940607,3.515292327901782,2.9108441548050297,2.777608149351771,3.0884029572354814,4.738912525225881,3.87757317967131,3.4357103266246574,2.7838442947999256,3.333231923719294,3.3497293357232922,3.477930370835154,2.9498644266635288,2.965612782100969,3.4075701779081604,3.9225666155170393,3.5079991112419293,4.682298920061549,5.049897525832801,3.966696221147355,3.346516807588669,4.647735232119133,5.622129148580334,5.54302578951764,5.911386174136858,5.945645717206308,5.847734724833164,5.837504005332566,5.7623633942830885,5.849922734218782,5.8488465489340165,5.9335125846725365,5.785231628183317,5.714263988803466,5.68075151189738,5.714893936790309,5.018265608131347,5.165570960444123,5.111907002007462,5.2418557737605775,5.296153010187738,5.528700541078401,5.163248416748426,4.975451742653467,5.289710131833672,4.573146999406056,4.787004145563575,4.491653777733768,4.7788484732959216,4.684401042469267,5.102740445262242,5.304451903668932,5.662614654060643,5.617543549707788,5.781992592219756,5.905302910634455,5.674160157460992,5.585265675228064,5.695997591239143,5.741575149495539,5.741376380492285,5.674421200860079,5.951103995411866,5.583543386605204,5.85463104851818,5.8991269689792905,5.8283002574216045,5.913237159697182,5.742886588873314
ip_origem,5.755377637621839,5.746265763179991,5.62592901666388,5.84569646984097,5.355457944253622,5.3412677273935785,5.514060419649135,5.438675907615338,5.503857092541034,5.373782907023078,5.5257444166756615,5.422298365000964,5.494974798505226,5.095045403804789,5.027348066692043,4.831047716554376,5.2930020908204645,5.404652802497269,5.201627981670182,5.4064975287001324,5.478262467920205,5.267153416331865,4.849797183890933,4.316304096127603,5.024355324372512,5.353266637965222,5.520439957063567,5.420379673324304,5.42646473536189,5.269875444249665,5.044090279872594,5.026568972661226,5.026271773657057,4.975952821255111,5.259945995502071,5.075658309906936,4.9921391964749935,4.799171008616792,4.781243329966351,4.55636208885204,4.795445839253617,3.9653932466199455,3.9944934743824887,3.8870659266061063,4.286444508239553,3.674093620338307,3.8850154495074793,4.211837352059473,3.3517175707272933,3.1581149496604772,3.7525881438755238,3.9024400313376866,3.906143795081101,3.557904704606597,3.848432401429689,3.3748252341396774,3.805297927035459,3.4763343686283137,2.936126582789389,3.120198792027857,3.355080192552625,3.5331926675404746,3.5163679871163036,3.4060355111673184,3.6784605765598446,4.3024309026577034,4.132920551697674,3.68187257201545,3.761297637932608,3.2189538620481737,3.403714053225475,3.7282558120339817,3.4329087494979555,3.9972910037431073,3.9231472957294367,3.602580051332191,3.7759781395749488,3.987084407699713,3.5976149759979097,3.5293298420106685,3.5584031028897263,2.8573431472631787,3.5597174376748284,3.565654227365688,3.4468859281796367,3.9676769633922566,3.7534190902764366,3.2127959836321214,3.3933505937456916,3.8649824111968343,2.702154790133543,2.741791690528676,3.790069973864712,4.000501467933129,4.5322387499979255,4.794492177278904,5.083960108710963,5.36801956528305,5.538741953492411,5.392811936387017,5.59835165829901,5.342006906936264,5.513005939370331,5.607810492633599,5.319763293106852,5.33389116255445,5.802018789370409,5.711611895275888,5.754328270058831,5.590751066124646,5.611063204913244,5.72867554477796,5.639927751665415,5.717312291524028,5.526150036977465,5.466025250487894,5.3260896062399485,5.3562011302994685,5.671929166781108,5.3276804274433545,5.011835706669749,4.723261419453821,4.8513266440652005,4.757284805689092,5.063325347661039,4.953683582251992,5.418883519482323,5.185024756639747,5.0226758250288945,5.673829407980324,5.548066488078492,5.737856290893292,5.6814137828224665,5.682842059034461,5.628992040231847,5.703654853306094,5.599019152559623,5.592183653544792,5.822637969984587,5.558198366612919,5.658350147345612,5.453606753831823,5.507826905951748,5.560147658263126
ip_origem,5.999276420511028,5.800012764636358,5.786735708350098,5.709945014914353,5.734722169064825,5.800482515827166,5.781823653901268,5.757149215013329,5.657225698210107,5.573792419462476,5.826137939021868,5.672527726816787,5.531128760818731,5.280577737178608,5.371999457934162,5.2179820777440415,5.3013376582526615,5.236447922574217,5.254835397287226,5.208357933154343,5.4892867902672124,5.331774869433611,5.432901375666188,5.609475964376654,5.396287654267295,5.279039640842641,5.350678464610648,5.581435424672943,5.452012387089494,5.317747461561595,5.413819908336013,5.1289704912275145,5.144302142039873,4.800071212459182,4.604623199702736,5.087296748403981,5.118408504977348,5.046874485134653,5.564085808452065,4.9698723118175945,4.79044536352709,4.45958286256029,4.384915904602645,4.2950194524174465,4.27210497646169,4.048729582173023,4.0232586148264255,4.178948038398594,4.108404899641349,3.965001653026816,4.091444612216101,3.962279369555187,3.800662357841672,4.125056670409255,3.976649778164819,3.9682260807929963,3.714769033631896,3.8162921587510215,4.013783637647434,3.8125952146275126,4.193361370801985,4.0262216706304965,3.9842137965987714,3.7828593059382665,3.1990827492429794,3.6159602905443102,3.9200457253888565,3.9177604604071736,3.824292108060469,3.6417266216977335,3.7725267323099465,3.841113603476519,3.3682239636775093,3.733007768752908,3.4441807269279248,3.377907269364177,3.253923187168507,3.3253986158604514,3.4234987173624534,3.352347994786161,3.11229656162507,2.8991922312660385,3.7274865784994464,3.5721323833718346,3.7474959634559406,3.7214237335891656,4.001850472851018,3.943447515327253,4.011902066944085,3.892082672494476,3.652066930049746,4.493280598468567,4.6622498509863854,4.687089489943318,3.897044955305204,4.039158604400591,4.3517449099027905,5.408380798349144,5.784269201306425,5.683468283689903,5.81625732834894,5.7867422627932745,5.797117917124348,5.782891624699547,5.7563902383136965,5.574131609359203,5.51298730393254,5.593462040086276,5.711369677392697,5.589660129093912,5.784510648544103,5.461248948577358,5.4968609657100345,5.143679018346452,5.115717713852146,5.300101456823724,5.784425971805256,5.8530178378170685,5.478252264110007,5.305009900067391,5.152531450143651,4.6953210416411615,5.3556679133159655,5.266848999527974,5.156541646518682,5.523350764832712,5.708382635513869,5.758490135127742,4.641438146853148,6.002636386187924,5.836282541167603,5.960335262598635,5.8002376436361365,5.8014227591272745,5.903736749138732,5.5330123507692575,5.732208197133132,5.622354671949631,5.652861873496701,5.764536675093138,5.793871659795864,5.712830896672728,5.634138115726025,5.912709773828585
ip_origem,5.737442418886492,5.732405301152356,5.76359701441465,5.777613158652427,5.651639687240818,5.631257648076797,5.648623373742042,5.5948167802097695,5.7576603063610685,5.865056270376963,5.842209152212076,5.81135827012914,5.5816605965310355,5.03844738477336,5.177531081554352,5.523095054825177,5.315270578478568,5.165877859802727,5.092178304066001,5.289811331011912,5.207424451752309,5.113237317877188,5.383400734570993,5.399818407413916,5.333853276103211,5.273574185288823,5.326652470372836,5.539406843466503,5.717522267436684,5.3421407190553225,5.3880067487952745,5.083371092790828,5.350522775591795,5.314745510303883,4.841019238217113,4.634764282427882,4.827443033280058,4.788256302723066,4.6156586124175165,4.691548420662176,4.874589366358687,3.9029949719183006,3.951274847799054,3.907456338234121,3.993718909159707,3.434006369406424,3.6985646838557096,4.442034034310528,4.269818275503081,4.095046489884556,4.199809505492237,3.5980968509654674,4.096204869129751,4.205881370335732,3.9084898361908014,3.9933082983651467,3.8530736257750715,3.505090861974209,3.5284237310843127,3.7974206750950654,4.100482940311694,4.205758061195062,3.598768081249081,2.892535894051326,4.0163349505296635,4.353467118241456,4.350135808889156,4.021975700190918,2.2440183130879032,4.109439262515848,4.235962565521973,4.443001518118908,4.1541099728880795,4.178137515825601,4.448186147804037,3.984660850928114,3.866939741496081,3.685739276599696,4.105657728468364,3.931648986642537,3.984913337061613,4.0452940762161615,3.908817165769808,3.9548697578880727,3.893740332209077,3.979843660257616,4.238115620063705,3.8933370676853936,3.7977345626191763,3.6275982461433913,3.1958423910802263,3.0030630203456186,4.1769409433518385,4.803266582394932,4.517326468533795,4.308721332744357,4.599168664052803,5.50080356443674,5.583884557605847,5.366555661293269,5.571893899712088,5.512215368180647,5.456415792173244,5.062248261752457,5.085387599066865,5.190955433430517,5.155874895717433,5.169684048003509,5.39044808634969,4.580689942243788,4.865534319029748,4.643970520095083,4.505429903939231,4.689798494963316,5.323987659082856,5.536873857756131,5.539537117323632,5.361527740479169,5.085374138895845,5.242912657201461,4.987624448138245,4.906833935232362,4.940196356936664,5.117226642355715,5.250496543358647,5.170911558063411,5.37570539170185,5.64898898709454,5.433571586112197,5.511153302604266,5.544083243479881,5.528425010073229,5.544421964389078,5.596174539286211,5.71987857878986,5.323804845099602,5.435986456772951,5.336202780641981,5.586553374915506,5.42906202114378,5.414077370258409,5.442096480325925,5.525586309745775,5.7974609835753395
ip_origem,5.565920665756057,5.636500936293433,5.618151313906585,5.8204151585332955,5.848077409326834,5.6237399511258515,5.795260769369833,5.525851942957199,5.60992066060472,5.202885586688869,5.541402379931999,5.460570807709787,5.149061662352262,5.192636318526537,5.2531080458182915,5.404432577870775,5.716492574718092,5.540587729225632,5.393288142505961,5.392047761802063,5.500929999548774,5.389996884185144,5.557989669426267,5.408993553499234,5.32100344876422,5.33299820572678,5.0962818623286035,5.333779459208339,5.0482616296658875,5.085569896261552,4.9405702086931225,5.157978880071523,4.972025114615255,4.859564405352487,5.026408380516362,5.333562157250414,5.039150245657021,4.939438110384344,5.060996224451199,5.07280734145932,4.670489205521157,4.888988533950986,4.4457001011486925,4.215625416832814,4.121092922939857,4.181827586965301,4.670666877090079,4.059435689253858,3.682982265888129,3.5286581544731583,3.4105748857718843,3.568118484607405,3.5745779361994816,3.785084376657183,3.8500727437789015,3.7808271534420483,3.747324128475335,3.5168962473744423,3.943161060569294,3.895693163198773,3.851640991457002,3.6421371867015915,3.586556211963576,3.597659776194187,3.3078039769647805,3.4442366487367457,3.4491876150209038,3.3409416099762033,3.3253897334522184,3.3472132295011723,3.3599623112520023,4.157585161540956,4.000147434095663,3.7178024774939753,3.6759882632861234,3.4115891252865334,3.475775772408364,3.627561032720208,3.635339484480165,3.3843641160086344,3.432430704330188,3.435439669877726,3.477680830336181,3.197793316923802,3.5501964143447697,3.614669713630607,3.361315643260109,3.4261888020472604,4.256565234362703,3.542594852893928,3.9315329838368047,3.9813953616935627,4.297034843203484,4.475429867529768,4.732814656128352,4.979464918871077,4.795627635076034,5.176539282855185,1.0647901028778772,0.93129413026324,1.3532350638640769,5.172393051361546,5.431022570955067,5.199566958642079,5.241673270419223,5.293054413248995,5.274602192641487,5.61671680910809,5.580732357400169,5.698319112618318,5.677101734424458,5.729747361573557,5.642949210003536,5.690397319367082,5.900460800190885,5.8930623056465485,5.948969238679014,5.898104425839239,5.6884641316136655,5.53546020548808,5.553277420378814,5.40825959287064,5.338511458997748,5.3358041374905,5.4305761345474775,5.286516690876146,5.664617729479972,5.910257506196513,5.7262668844040725,5.8957749421589565,5.79307729158689,5.881258625852535,5.921491675312549,5.7527104245697425,5.905503027901162,5.731427422934692,5.673169239927787,5.6251403966307665,5.579631412902521,5.114975642573911,5.761488133924629,5.74303045702813,5.494668577415512,5.719974257576898
ip_origem,4.985077573698155,4.499904793761417,4.640097745422328,4.598813065255696,4.764958076035524,4.768233730243178,4.860036980443279,4.7296632121639846,4.644878087284766,4.9196136382703815,4.531180751958937,4.534822361791504,4.924265072707553,4.535521146127798,4.60649203226259,3.865306672279072,4.049174578909811,3.3359465494900764,4.160346371223409,3.522310278691533,3.741086521993041,3.58759634843783,3.910916425812558,3.729219388256973,3.935568618487821,3.648100990502897,3.4162487501104772,3.8080085245234345,3.666440513269794,3.781947325209946,3.5367826727906464,3.860820652299737,3.5054231638915425,3.3165451962831947,3.610834517471482,3.6769148445854283,3.5412610961387014,3.0769249055272043,3.2146757352779285,3.057058045537341,3.5092083049874088,3.470987148116697,3.4756526195582635,3.2418163540272413,3.257879383326053,3.320108186491844,3.401766880686765,4.197046226269102,4.391770103941601,3.860243348232991,2.973310786315184,3.6325391589045264,4.440955389615382,4.079982580967602,4.470485103409303,4.162283291677853,4.210197722793291,4.932904413268912,5.012051598680388,4.196750229579568,4.800535109218902,4.861623849486496,4.921138657052747,4.818990389713512,4.5485278162872,4.641211901203058,4.535144159724833,4.235551596883658,4.177888496974858,4.038120558296936,4.2872558971927575,3.989762712120162,4.5256889087197045,4.115669912755382,4.123652564816935,4.191154087621083,4.2752102062217405,4.784601376544006,4.782410612205601,4.8370781343239155,4.747499807791057,4.764243939695833,4.804407308059916,4.893488649767521,4.7367985194922335,4.629681440384727,4.4967449870158696,3.7886064471476533,3.5562218736399744,4.56041269844769,4.1805211709049575,3.7418550160040835,3.763674642513824,4.502339020081504,4.855625320310499,5.192879905621936,5.0820845204822325,5.297885377359249,5.426078841106994,5.097706089384936,5.09336627213162,5.476267116253109,5.096445452730828,5.215446397704414,5.2676853662464955,5.33551206763471,5.207486184114673,5.459717029600594,5.190087944124405,4.895558725407184,5.0595387921535915,4.503949192069293,4.597234519700672,5.027586336228484,4.971336675189319,4.966024432052354,4.8103914257861415,4.8319541806064175,4.4427489242243645,4.511071646749799,4.255032253818543,4.184268148330822,3.6674696814057235,4.342734673972891,3.685666151384301,3.925059005890143,4.4736510335617545,4.844168209152167,4.9551146363202765,4.762092326898543,4.529263179315586,4.948270822530748,4.891631335140024,5.0314667259777455,4.426984817782588,4.462047585848825,4.275393617871049,4.3721301786905835,4.921078678311885,4.944516591239776,4.656526876718287,4.5473800277456835,4.932429711981701,4.958976394060907
ip_origem,4.268330003264986,4.193580591245759,4.405480895363183,4.538824611034014,4.558982879882036,4.760959658354603,4.654441476517463,4.428701702848578,4.462903375798787,4.441158337396933,4.4585253136338325,4.668863442911103,3.975466158148949,4.214022753536228,4.338908595716892,4.420983528003488,4.4303701792574515,4.618411120761387,4.424222255161805,4.307610217778636,3.7691226680107928,4.0530569774628455,3.9892639083667287,4.000330906813913,3.9405224173869695,3.5064938385814277,3.4362597940651898,3.629050188897333,3.7124201823743146,3.747420444835487,3.5826485499555587,3.366276221991502,3.5498513993736407,3.7962538126172296,3.782043278948296,3.8941231997336585,4.003566290400387,3.644827232260038,3.595422636843976,3.595142127564038,3.5260592007288367,3.642791339356336,3.3767030220011724,3.102257083955964,3.2621164270835084,3.2550999844037865,3.3773172811265817,3.6806966695391616,3.394975595137817,3.088429373129386,3.128034390196467,3.2015198498373176,3.1675763361784397,3.6892960160801382,3.8533028115894465,3.7198053414003343,3.449835157147421,3.6247537489900297,3.6870498742124,3.862671393235389,3.803528430519024,3.7039081291125537,3.5031188044904518,3.334150387568525,3.838823712433528,3.447397824871954,3.5389168874093158,3.461710729668265,3.1428910418136797,3.5716383636515188,4.028564483364506,3.933814184185498,3.823441572295071,3.6161975036432414,3.342696519473449,3.13003065254365,3.260380431703658,3.4217286351129177,3.7140225414948924,3.2676981223176247,3.208160054152933,3.2028732347117264,3.83941593281886,3.5873135271355188,3.6733661115757528,3.6236849663003072,3.4399273839074227,3.7852648521001067,4.189942993452139,4.158394748779827,4.5148853276872964,4.388286415581662,4.23723239979738,4.056978520702882,4.229404192987303,4.9849572582683885,4.4689721381829415,4.084918620162342,4.412512917618616,4.328880529388028,4.079136374697058,4.492679422559034,4.345575156665074,4.411959171736394,4.253877703671547,4.194764073059351,4.84006647461054,4.7352961250434555,3.93468812759201,4.181587519454409,4.774974463887834,4.844441950629785,4.4417409117211015,4.618983976666244,4.754859889054623,4.405977418806381,4.4921935670428885,4.312508988642302,4.505483315200327,4.644576957399322,4.835977131301818,4.351801056691307,4.395008745867424,4.371641677555877,4.432314726666505,4.387105100905298,4.394233181915557,4.364546748463127,4.723016029408303,4.382127805198052,4.2772324342897035,4.355381552637565,4.3012876064866035,4.217379219150741,4.204251368421631,4.164558147446439,4.369087654605884,4.341937164672761,4.482115294177255,4.244292637235862,4.093111903440997,4.2661308718456725,4.366147106157004,4.526762416540153
ip_origem,5.896908860961096,6.102592695086957,5.8832122240133025,5.890319443077567,5.618401202786098,5.678511021415233,5.695245517216284,5.589920268609972,5.437415409763409,5.457155165363452,5.330018238254632,5.135273684322655,5.337453357172275,5.2656652715907075,5.252288688483394,5.2398545720953384,5.292458139770638,5.487443432464612,5.445061666431413,5.4025798367208315,5.348601685464224,5.428346661492438,5.419071657482834,5.303616620101376,5.284262562030519,5.366095947573718,5.2066636682827365,5.370462332650222,5.4172358484198835,5.300029568337704,5.281117790127794,5.0869488540848184,5.2561803066504815,5.052236613073958,5.059194483552403,4.941971351749023,4.9432128370487325,4.090266642174498,4.280820691423369,4.322514561271263,4.709286505320789,4.547922493184542,3.96642142470948,3.6820265375557684,3.8701673517160153,3.3970479292088664,3.4718756560643254,3.6203730932774083,3.4142059403354077,3.2290731571237634,3.0975241166673424,2.9370372322493083,3.3063137255898947,3.5258226908245893,3.3640445260011544,3.3575694770576754,3.237098715019647,3.100475049579435,3.5769973417029632,3.8035659189112567,3.7987345838912496,3.6866230921116063,4.044058177796306,3.5541596540455647,3.845642167115372,4.397298793673921,3.709909249486776,3.7501892701252473,3.252530611326964,3.55312588110231,3.9792133813434263,4.089051041562708,3.7587124217185455,4.305521147297927,3.653798142457151,3.4971353086368016,3.931564573590791,3.9498077166087566,3.6667767370865167,3.2434865282603185,3.481154264771422,3.575261872496605,3.9250353913439064,3.9116855291677215,3.6533640611833382,3.624200748639406,3.666123304938573,3.649974535029685,3.697813717933774,4.13500964789179,3.855678479454297,3.8898877020623486,4.674860432710628,4.711586315235802,5.0640004690884055,5.00095903895982,5.4943852409742835,5.6165971589043995,5.459292252885606,5.521444367677768,5.750841571099691,5.669487119146094,5.836363159962968,5.728907549829109,5.672130574926452,5.608405954794006,5.7108224545786275,5.584146565188688,5.804872424341081,5.834172589429139,5.761893875755143,5.886360299986183,6.031411436732445,5.977307588403454,5.865468325514902,5.9324178332161095,5.889762863063559,5.984853876281033,5.794977587501208,5.413137932177937,5.007403802059416,4.9052969435612575,4.737316980412836,4.913189740874028,5.11313598016689,5.2721414951175145,5.6833225125684645,5.960857684657317,5.724914560554696,5.840741275408607,5.7268543917475485,5.845621805232638,5.686744365036367,5.73013739388096,5.8595710425028935,5.805444478807744,5.934703761668558,5.903925329345692,5.995072540316645,6.100910583997978,6.034020871047764,5.896590890893644,5.985560445712867,6.029585075694997
ip_origem,5.702331738918859,4.910187776335283,5.180031330691368,4.966632896825911,4.910296733096402,4.963482961532994,5.1361091580992975,5.024143802843397,5.5454603572963475,5.654171190676526,5.49553472259848,5.702489658625631,5.505067000998272,5.328233807211494,5.464543018759514,5.25376051348778,5.373589138411104,5.146874902930856,4.57998947328941,4.486568269897266,4.750030248142183,5.3329919084292,5.364561643698324,5.702837807031681,5.256378794252919,4.039992003651935,4.250349930579699,5.411745288337616,5.628191439673237,5.299361208942554,5.52214630606676,5.352812051117831,4.699301446844178,4.925446487187127,4.786411826171301,4.951097701097075,4.954021787028932,4.776326358910633,4.706217298219403,4.404448471931634,4.450188727370827,3.6504551142999846,4.086294182018742,4.022336685310664,3.5055575234018,4.1373305764914825,4.03286657299678,3.9131597583445927,3.398578448120127,3.5535024665647934,3.8106143299006634,3.9051598102619383,3.897924392239452,3.846445247376012,3.6283152099382665,3.5479567086380546,3.8353366115835126,3.6964872311561856,4.111269549608769,3.6942737664518086,3.1442407177647387,3.756632013989063,3.328355860263187,3.010211082493472,3.057883042688901,3.1613362775044416,3.1875259633713937,3.11551890980691,3.0267879639118624,2.8794220580788905,3.0917045313575806,3.631396388366281,3.2142927117136013,3.1455616358650023,3.3019180222109417,3.1820915668692713,3.0519037502496267,3.627250706115268,3.363719011418023,3.2119598725690137,3.301519354015793,3.1824397289605986,3.288515824800648,3.398405331089768,3.740823650792529,3.590937468413232,3.5041027025073452,3.2730184629693526,3.776786902932419,3.802962297598832,3.737742622974772,4.3558597659867,4.371046052333226,4.665477149983214,5.013947897356223,5.24928480918891,5.157853195494208,5.263738265055832,5.302167796599464,5.317046909523456,5.577750415660159,5.4407526659806855,5.579395104992522,5.344736260991708,5.306271834472924,5.162806090336602,5.415913348190526,5.613673912363956,5.638427090250881,5.788860965036696,5.509906067513403,5.245784884410407,5.388725728073397,5.413239557645053,5.453328991808107,5.379526969950218,5.4180048694473975,5.6448348469519045,5.647660490127034,5.273599589668943,5.054211410968998,5.2037705276932495,4.783492598266117,5.2575915493898115,5.315320578234143,5.246084311752695,5.672989289374153,5.792226688851862,5.705891326559866,5.820454592441298,5.738874703255021,5.4393637667983965,5.8089383079493215,5.768527872644572,5.335076542890753,5.470123386840363,5.6428977826049005,5.442134398533184,5.598605052658226,5.7202477408491745,5.5830421671925325,5.635198475551771,5.692227611280049,5.852510228952541
ip_origem,5.8246132419619725,5.689975863840262,5.8343346173771975,5.914559300520303,5.782431563769733,5.850739910459637,5.466617314284071,5.4466215195634735,5.671229752964001,5.697156431056446,5.5951540128488,5.206496690018226,5.347677154309424,5.337727024286483,5.19151949516769,5.076579120942472,5.091802122215178,5.195689642184563,5.051363501642691,5.199697900124435,5.097690336262646,5.148915931346968,5.1218374523643675,5.006098803293088,5.444723581564898,5.353976837869825,5.047924362127671,5.2742088304721415,5.186212123258411,5.152343050234392,5.251212440607509,5.540874069511171,5.347598896973987,4.73685018315904,4.788534159746709,4.518539574026509,4.564461846469878,4.498412529972297,4.171289626420677,3.9677474622089046,3.9586203951844734,3.708275791996424,3.7559835581209615,3.2017674675160723,3.3760013850350536,3.3811472142258188,3.4355243816235297,3.985948303449824,4.06285842441106,4.028174687385688,3.382708440223092,3.9296361369726656,3.4026336237039763,4.204168461045488,4.052310796975265,3.7370052053532894,4.2045756757035955,4.233208799701584,3.629572653681632,3.8392288965757695,4.391328611732524,4.1049070872655005,3.141410514277172,3.695205511794701,4.0622483266531875,3.479494213161918,4.136022713187272,3.8739039348350315,3.2522668147611484,3.9600577274282975,3.3007037724489097,4.055149278635433,4.231408778013535,3.0499610079528243,3.6910605797756246,3.6401219390681687,3.4374964136218975,3.537757423835288,3.771035699395805,3.001008690006959,3.544769868783748,3.8718181764937563,3.270462832064797,3.534552917075621,3.917195138667281,3.5069241762806445,3.431365963975965,4.368190646992913,3.842634559481158,3.5230513466416946,4.291916552079024,4.054387340667538,3.8532240911915743,5.020054783758741,3.739055463792969,3.7195295659772474,4.02632673775735,4.457531934349384,4.773725042734759,5.172860572630925,5.034566747012633,5.331772180408848,5.723923275109699,5.7234998061796745,5.618200810062083,5.525376529005713,5.604215886548173,5.654344304997454,5.673869962692633,5.618439966532774,5.83505020108073,5.81986037386003,5.770635188373929,5.723497987364638,5.700116104081082,5.319099280992108,5.021475087166238,4.8752678509108325,4.642658762980131,4.786101382823128,5.125426904272303,4.703618398856202,4.942288923098351,5.542001223894665,5.139057404940257,5.282502567498634,5.667286442723758,5.483989957438156,5.648803103922233,5.666031457213618,5.651582280228455,5.6935248779299465,5.566531320589289,5.433787578242196,5.611470738879328,5.724110430181378,5.82442759842341,5.958804858507106,5.986890140343169,5.68608820395249,5.745335320399655,5.676858966961472,5.751892846568557,5.844407463071513
ip_origem,5.6285167527963935,5.685612360963429,5.7542535017103615,5.67784965374454,5.6680539220114765,5.6100426607320095,5.539732111338765,5.285167666356305,5.293732750429967,5.314786711055898,5.1794982550360045,5.251784353631572,5.3389774037605635,5.172502954271363,5.2001679604859525,5.253851418574513,5.125891701021893,5.42290293980432,5.2343060638614665,5.1100203891047,5.3151073066131005,5.4864657687197935,5.454450290253517,5.404942131718025,5.286056781517003,5.441957290497926,5.37225921390911,5.424981619960314,5.384717262524129,5.306428824888702,5.3601589957536735,5.157511563545032,5.077577744548637,5.107673264720451,5.178966612899514,4.627561701799506,4.707314578600516,4.475384596890874,4.5279804654506295,4.2930394900490665,4.117080846838102,3.2894038242879717,3.314624648283847,3.153589279290585,3.242027728900004,3.086243124977889,3.4561137016768364,3.3337766564893134,3.9638722657170034,3.263485419816216,3.33404118215635,3.055151090849176,3.2319250853717114,3.266170048691006,3.2863615598842073,3.3810169866084143,3.3482263741516936,3.167746045084252,3.2872617805358235,3.353748259730044,3.524027795883794,3.2130148304099886,3.6240862694795575,2.960786218797478,3.4872649700881837,3.7021685730453098,3.6935937392560954,3.4260333061448787,3.4521638331883504,3.36557461790381,3.5550157414528365,3.4820763609777035,3.355955577421884,3.331569252835106,3.002869338310321,3.0424544125488233,3.4044023640252004,3.024393309522361,3.323419091794296,3.1313621203563478,2.8992835494602387,3.1663909614706958,3.4140893065294984,3.1920331378358684,3.6464963176394702,3.406313763845304,3.3530746390843755,3.63297400267277,3.4750066705897784,3.3104129491435015,3.889761378642852,3.9955453861689914,3.9603173457412613,4.981104751129222,4.968637209425026,5.359637933123167,5.515606743745696,5.474653088054477,5.505543574963851,5.693919438364251,5.553769492557696,5.47261158641531,5.606718090839054,5.772556900488472,5.469450136916951,5.450517616351728,5.623678122229324,5.399711909600056,5.708982440116904,5.760810979483037,5.671877569916718,5.441767943487507,5.4232390905203225,5.3592421066601625,5.485453322482041,5.272708714374528,5.092395568600464,5.334934628369416,4.824409683269573,5.055630160222057,5.383027205622461,5.045323444266304,4.956564557125573,5.203579899202083,5.263596933714858,5.465320552937909,5.828842562598388,5.674837124094263,5.844481676303638,5.81485680759583,5.9421273964922365,5.861911498606276,5.811877879305035,5.715207939877146,5.571159811571364,5.669932238909991,5.544589883769002,5.4799246176782415,5.638182119172338,5.675773195479341,5.603395748095314,5.697688968966482,5.699145541573005,5.686429463764976
ip_origem,5.796498891245682,5.62380578188885,5.833463452685982,5.747240458985063,5.526409769180359,5.795455606783129,5.8683633367734425,5.5191693849061085,5.424943489823537,5.457663564823458,4.893054574374715,5.435487346219262,5.350918850923652,4.932381579934717,5.110296286730969,5.265832527671907,5.341508748758219,5.602373038080971,5.600653565446365,5.32221469845355,5.555846313903644,5.367998635118962,5.148507704097888,5.416791754024518,5.470793023014556,5.42144679237096,5.469883538768418,5.191077569597133,5.3687946384773015,5.487176202799123,5.505188317431341,5.5226847118646525,5.165710123212868,4.5633458683765165,5.179451778743661,5.043802946213463,4.9642769704279495,5.0403242690482895,4.715203069905214,4.229359809538362,4.673736613680886,4.804331353680936,4.458660015004129,4.621522096428907,4.77143576990017,4.551096998041751,4.559128633396949,3.669192906108379,3.5997938728621026,3.4296379743447587,3.7384983978509694,2.9988074625977497,2.9342482399769008,3.0731627280360514,3.7958760293475877,3.5395492432930653,3.0252763336666946,2.9406960856741526,3.2597668920188227,3.3128883620907503,3.0601839723378053,3.1449915917016678,3.255718635409196,2.870115141434024,3.2021908304927673,3.4042689859946678,3.85352142580382,3.4673072556346165,3.329768757071576,3.0575286093479765,3.4011336856897385,3.6328503626787,3.3842262997842667,3.2391514713378453,3.1206264448071317,2.984504655158968,3.3362934221837084,3.5283982068888453,3.4781466190338657,3.302847034484085,3.5687169396082954,3.2565820944805224,3.410533407067647,3.4998121767465387,3.80385960929278,3.618200414767071,3.7718499970693795,3.3186118203631985,3.490824843104462,3.694368834578083,3.9513529070108313,3.6386742613951664,4.317853381811985,4.198075472502564,4.503095075910858,5.135095077205882,5.3386540182339255,5.499582429477925,5.226354725264632,5.527804083011235,5.283926609866885,5.144635098033784,5.3348594710616375,5.5373344411003425,5.234886993663029,5.473793739503812,5.405276353002857,5.180846981014841,5.482030280137692,5.607149647986055,5.7073705485537305,5.446425450678031,5.200965077615239,4.8949968831183845,4.536631654486558,4.8916458729991525,4.726510607760242,5.030953951532672,5.537820952793212,5.668388403650725,5.1392364231981675,4.901091167427444,5.178511794662083,5.511662261963316,5.713990080342194,5.203755682829716,5.683479178567168,5.5706599259969245,5.530341854275753,5.816084314027128,5.774439287764572,5.5898840112155215,5.863096281943835,5.665009406579487,5.613630110416168,5.774396209924589,5.65309469508238,5.721140759291745,5.796540012724559,5.669584306195652,5.606456828575847,5.828344401792685,5.634284471261088,5.836901216468272
ip_origem,4.645015027502782,4.283690020278144,4.319186506055347,3.6273790337577423,4.330162758299189,4.6246857771055,4.4662017175156965,4.604167980529043,3.8734913039305066,4.670617895056799,4.573119307671108,3.8552327843395875,4.987904852088799,4.380791578033621,3.9064793540988343,4.451522823117723,4.3784703615789695,3.607785298944092,4.757385950370387,4.4396055592641135,3.3871343047674647,4.85324414385337,4.286825269155644,4.388659738530623,4.644816880258472,4.431611799477404,4.388906936350169,3.6967377780515207,4.185786110086214,4.592075687154726,3.527837856374235,4.436977956548493,4.330941702168567,3.9781247526147503,4.210818960362791,4.554172421421703,3.611266675785743,4.227336536321512,4.556125439580971,3.8732277508540816,4.37382826595168,4.76183047564999,4.512445027137637,3.503535399533288,4.6808648909756405,4.304795292642448,3.0610339242828224,4.829345302450377,4.451094590075519,3.985647446479069,4.242237811116716,4.5619410277888965,3.638394464883642,4.149701806672219,4.7421074197518465,3.375393935210597,4.575709991333872,3.624225809900482,4.165314526842709,4.515261364301964,3.8760820767324806,4.2593588622237,4.51996165733213,3.728072220854577,4.082369953705643,4.7357571972973815,4.0912148621136435,4.011275884273788,4.677557649327311,3.117548129407928,4.379819450969256,4.580717288069589,3.674684955729062,4.179357797394558,4.670212782302122,3.281618908851267,4.233744147041836,4.721278167048411,3.787233874536016,4.502590918182178,4.53778809510207,3.4853498589200798,4.281314070235189,4.272220849216717,3.899201039371475,4.108406669091193,4.114077390878356,3.6144309266282817,4.107089698353532,4.15767513158444,4.649819921977305,4.333577580355193,4.6651203192616935,4.267745827141034,4.0976278863873485,3.4806072188670107,4.29664815915077,4.792191601200805,5.311313166686593,5.136547467971209,5.2375151880066175,5.2600038899489245,5.108260533153334,5.4099894215115185,5.442374200802667,5.531096520086689,5.321510411650718,5.56190468830675,4.500139343848794,4.65355368360749,4.768862493085266,4.514444148614881,4.734193947632626,4.549444113415122,4.825274152720661,4.81900681286419,4.569287822264955,4.676105286707676,4.73336857475484,4.8054994978937895,4.508468685551247,4.752048557296853,4.619762040327879,3.754355477926158,4.484298197588763,4.653255103383851,4.04794633445644,4.378288781432048,4.852117152426178,3.7691738542774753,4.430962106991265,4.5824122627132216,3.9114652335617786,4.532468471633081,4.466126672587075,3.8587521674467946,4.294124673582917,4.54839302727863,4.3057035947230204,4.441399759178089,4.407234399476568,4.342957632402991,4.658891882319561,4.3959756719539556
ip_origem,4.740010595423046,4.0692502164890785,4.641122880486243,4.763309243610331,4.153073032535347,4.600904186767832,4.765736714542724,4.5786014649545095,4.358473801151979,4.551673360222985,4.211727856027756,4.68799808308122,4.741244451395494,4.233759671719719,4.656971315351226,4.703193648811113,4.1953758800695535,4.676571297492862,4.835901240925104,4.306047295840562,4.547847512946952,4.530082919318528,4.363516339938201,4.576368865769903,4.720141278960573,4.328167526974887,4.528527805368883,4.517798304212747,4.1150673260247626,4.537443289468947,4.461414595156449,4.141445996304308,4.521794312806795,4.7847379205454015,4.2643912092306175,4.599927122058164,4.533879216960761,4.29332999633399,4.591694092765482,3.7969009170537884,3.8200546818471657,4.680956668665946,4.5580627779546115,4.537468868696327,4.372434722109936,4.657669141837807,3.886092323115654,3.779726347078172,4.5411270092140015,4.30875145323333,3.0987570730762353,4.2259488914750865,4.521404054814886,3.3046024854716034,4.569139212218548,4.329019436946633,3.4584231710370186,4.560162225339846,3.9404383420734304,4.054160929393674,4.934536541409592,3.803875357225952,3.8776405631840314,4.482431682062196,3.1864370231652104,4.263143920946353,4.6542748755015895,3.1018195226605285,4.20336605923306,4.48801153098584,3.0551837360526743,4.1864313285373616,4.700547256250477,3.004244554676616,4.282305267366648,4.550312073713874,3.1244241779651136,4.251539378403557,4.665073239536633,3.283764397206863,4.268917526779378,4.631176296870813,3.200990811533404,4.413322554249175,4.802444111105097,3.1521995421596736,4.350857610876002,4.635639827686202,3.857417278703832,4.389148733944293,4.830075068371427,3.5262113536418735,4.256130550279243,4.4764309199981644,3.7128145100896153,4.376317038147674,4.509244401875906,3.784093729658065,4.397964315897704,4.4973761628902285,3.561115963763728,4.42928659969068,4.331481331019808,3.6127858808529734,4.332179618328824,4.257598670212912,3.727675363806856,4.4309261737843295,4.443116572999926,4.1157154402866425,4.5459956627415306,4.755326633221916,3.6339903835875584,4.488902673550609,4.162407376089246,4.351293378088024,4.3063678901363565,4.347198494360935,4.3539807249730815,4.533737308160059,4.316488594676644,4.42062774902597,4.4065884486770415,4.1491585945370035,4.343248070773432,4.506364715102566,4.798201833638617,4.074775399692803,4.632916516257637,4.639292177635997,4.194958036978672,4.616388603353452,5.060795857811293,3.944733978909548,4.445799888928972,4.69038738838689,4.173730957377353,4.623909671641616,5.028881950385458,4.037274582398044,4.568194999999902,4.92686168113699,4.221986073140191,4.883262515809204
ip_origem,5.995265865731213,5.7378759510426525,5.847246867698868,5.880012280048252,5.574639962284737,5.571173005857201,5.628214456519216,5.47347557195917,5.585914304081679,5.580885360442187,5.407789332616129,5.410800384614419,5.463360314068085,5.250576493896594,5.397259952026169,5.31757068375392,5.3334847240354435,5.4938032141064985,5.651659924135102,5.513177680135069,5.630294619553998,5.399446171224081,5.405670458118472,5.672286623962617,5.564318321694354,5.704716460459589,5.4224880047051,4.784797657380089,5.3818364444931985,5.214636311901644,4.9748349033489205,4.775810709687201,5.00902289347913,4.95040218245026,4.557558203801865,4.511570611983419,4.779381581170961,4.4317450814612105,4.670927456483387,4.4413912450234365,4.355641155119698,4.613085412193748,4.033515224663864,3.903294817181947,3.8432482781420787,4.122339759465843,3.947069321537235,4.5552508897417585,4.561244590517487,4.581393230306851,4.391210584588498,4.368958531147921,4.23673206769609,4.606027055609991,5.003606712857231,4.101879303951683,4.744792948583392,4.5715532818040385,3.880900670015591,4.413588398646663,4.154128113466828,4.525204711192356,4.270105428125966,3.4454806344316853,4.463486748333248,4.057697105176096,3.8020089973672255,3.9654430249201,4.019567610158727,3.734488635329959,3.9138335461316647,4.180374349849243,3.9687852911349033,4.001963046913885,4.104447573118465,2.885018564375196,3.6721047031289236,3.9626811521181966,3.545085198430261,4.194383285245864,4.187900994560307,3.6917212246425977,4.465857899093856,4.016223967434579,4.379287483970993,4.361692476498652,4.326796516712854,3.7437479646381737,3.937370794558925,4.0138932648696155,4.213048330096372,4.641624352163973,5.035887794298995,5.083202560849358,4.914894846989787,4.684127589488456,5.41115957018004,5.573020387280231,5.723815830185809,5.523630347241737,5.716202763867578,5.624350160322519,5.7646183510218,5.756216208102505,5.784578446086083,5.934391959396099,5.7489684142307995,5.4752802145493735,5.739692780933193,5.649885363577497,4.8398389448060355,5.067915493644653,4.695083856191969,4.999464287761668,5.268447835618903,5.180310627544193,5.308773291840283,5.413813542858634,5.819850718831996,5.534353303857252,5.5871728566839005,5.1523474249247165,5.448365304248744,5.494457919475372,5.222333417182734,5.3039294770577525,5.511461397562023,5.403722981740012,5.527247524530317,5.495258266628103,5.550315383598323,5.989760666914318,5.690238322891776,5.64379937096747,5.712894774444536,5.849453363453701,5.632257493796778,5.8131189052797865,5.928870925674795,5.959081858008616,6.037898324194008,5.788016975459707,5.843947158523635,5.881602940482813
ip_origem,5.4323157837786376,5.304958578963543,5.319117917886683,4.966561480504179,5.2196691707042495,5.559040227138591,5.988300375865014,5.841116889210944,5.951232229416188,5.792494158868536,5.582674618642939,5.7336329565599975,5.5712903175923385,5.4736707275640635,4.936899266222747,4.767833220789352,5.223194101735905,4.656002096543584,3.835432244163698,4.140054380070383,4.261776850495806,5.254612808224677,5.405060170011902,5.310706458327703,5.327399124607157,5.327014228813762,5.145411227672826,5.1880749761346525,5.113504085294681,5.1342935183645455,5.353874701906653,5.366631894435778,5.3370581923621465,5.1370199990040994,5.125045492168527,5.109730784346848,4.601565861394606,5.22010028070142,4.800981553256932,4.370997132940303,4.5378595622788405,4.313914837887856,3.707895291605208,4.290314267583755,4.151427383821839,3.3585831740239445,4.316178901053466,3.8916259757163054,4.076036128630548,3.8896032696628673,3.1778752233167875,3.4296731553280724,3.055452348514607,3.102754556263837,3.7581232682307797,3.69012651974312,4.064303110776214,3.34784033299633,3.933923297736042,3.4484276093495017,3.524183445211424,3.8191496424083216,3.53015457301321,3.1245391358068364,3.4242353660984195,3.4827240810986764,3.450311694043623,3.46054490580756,3.6835371939548143,2.9460615689434326,3.419721481119272,3.3731164535920795,4.2026002504722255,3.5835900447844704,3.538693094820258,3.613478609522955,3.5745808052557617,3.2516059388817453,4.181833425642049,3.359584578188348,3.479238269686073,3.7840757816977098,3.720063390050824,3.346482485568165,3.4493084944890926,3.0776988597690536,3.1831819461464037,2.7693823945576987,2.733267653894832,2.551274283301585,3.418525210526042,4.166149335845697,3.750623674461582,4.1538228364975796,4.0269634456369685,4.523200032792629,4.8932280179360035,5.047387647113344,5.554561233808675,5.10060230795555,5.335965967039223,5.398332391131048,5.310837728151324,5.491415924965462,5.150320016872149,5.236892751544409,5.34822060075603,5.227850783894072,5.426863022766049,5.5377242461136404,5.498084419032493,5.331264885575869,5.768602885512393,5.715790565262713,5.582376772224857,5.52420343532626,5.494914228185314,5.550627869647321,5.703568458220227,5.767691612549119,4.955477354166521,5.186434733519595,5.192494576315066,4.740495534143743,5.130939789905272,5.485010890264204,5.478725498575017,5.3949905478224265,5.234372575590326,5.328771121056302,5.569260026638559,5.6774989706014525,5.787809397318657,5.603893351056371,5.558290610113549,5.688232220887582,5.639145411772199,5.750165062599922,5.486447606388552,5.432671645187359,5.539107622946342,5.574847107266415,5.504476050201385,5.546640571877829
ip_origem,5.808711023681583,5.64063381987453,5.665010384681,5.664946917459023,5.763162465368246,5.597437940807893,5.618832496797621,5.783685067292844,5.730086538697798,5.680227132974352,5.896904519402195,5.535218290887165,5.413464378951364,5.2078721900339024,5.303213582388887,5.354835492290634,5.25294034735738,5.285504525296016,5.3875141989517426,5.258456817063059,5.280048646821936,5.293261158743441,5.130006722795268,5.2378259653870805,5.4363092368679204,5.137683718488419,5.385600405861932,5.454367604198162,5.352571907743126,5.223872240332321,5.350532137268894,5.1816966831875035,5.564982137790072,5.5605143585752215,5.190700026467926,5.4122060451711365,5.276469753340452,4.990778989869717,4.412936919116849,4.8447043787309845,5.0160283219095705,4.494316210321398,4.388397887757276,4.1799479748083215,3.8919439815319583,3.9010393671840067,4.2934889245004495,4.121756623348568,3.237525738984794,3.949189652054656,3.2171814325953068,3.542731517760064,3.3821643176741105,3.9181857532653166,3.4901050927926534,3.6831052423834247,3.7348147101738793,2.9757555997227025,3.4887992440386677,3.5621881748971536,3.1689572229987664,3.810691671370512,4.034078251275835,3.3625160411269874,4.019602724158328,4.169332130241954,4.048082538674346,3.686080021239625,4.1161412274912985,3.5947159647858102,4.2731692673200765,4.13605777216936,3.5666108692954137,3.8563167119935966,4.078640692461533,3.5704511235833483,3.977770816827725,3.5385479962484565,2.984466629803231,3.6800765203474377,3.4782064533430685,3.082950201249919,3.427411754949253,3.5516140551292783,3.603167117808217,3.7366807004903215,3.2423903007051433,3.7926285761892413,4.134103756542846,3.774646575723095,4.244857813722853,3.8689305074713913,4.305862786945272,5.087845820910236,4.536940879835744,3.644049789658237,3.978057753351168,4.56372763613023,4.54589887289188,4.838921238577939,5.343548835032379,5.294899934258276,5.794376083855531,5.716777917119077,5.759016174250912,5.7881066715044245,5.8403356010194205,5.642405441141664,5.769111478297138,5.705655426931298,5.352794362313679,4.81848716380186,4.854211300805719,4.9571155425967985,5.627407541521099,5.697762323597535,5.641334863445295,5.775644521735165,5.67902652812929,5.154783469213765,5.002222644615424,5.027888206904098,4.701518548931576,5.100350858179576,5.2922012506199385,5.4479416178886435,5.595436434264518,5.83769527595684,5.536707880575084,5.86841973661662,5.730749692566551,5.710833381118765,5.849286613095982,5.781482687504653,5.710965144297804,5.8176165515722875,5.760073571689535,5.909552974095327,5.8899655289173225,5.758216388425937,5.863608071136768,5.778139775572352,5.5073683375172005,5.69735310599555
ip_origem,5.7829666790325325,5.7855549910834645,5.8293897934684695,5.745961776825534,5.452168724010033,5.730512288756403,5.4797948921504025,5.6028726277444285,5.772557160502324,5.513873320918238,5.305587112114721,5.73516957532089,5.448066414077462,5.382932940188193,5.308987088078951,5.380599766057676,5.273895727907744,5.4223114883040715,5.300328864946566,5.091975552321836,5.230356258819937,5.7757342927390285,5.252921676097865,5.4779368795395404,5.457615736461523,5.440908146519539,5.0146786410584365,5.555098420477967,5.45971339838735,5.370280890225493,5.229680945820487,4.757847389124049,4.9534857071544245,4.893611745696396,4.432232510433619,4.705592509513951,4.416243825190323,4.743244057036277,4.629167727100451,4.406226682358132,4.153702180215075,4.086501862261809,3.732057210716921,3.613707101562656,3.5231113047572054,3.4038058192147327,4.491746189435803,3.7106529757833964,4.208630733189784,4.294079337182238,3.4124977410965385,4.010993656967116,3.9779145720683022,3.749427187994088,3.9116236046327635,3.9871449941546233,4.034789122385629,3.652624688668972,4.098534487791305,4.042267612328422,3.978714726172517,4.2624999261294585,3.7370947868259496,4.065695601436858,4.076414435964986,3.7338720784250055,4.337748446883312,4.779284160333225,4.0396235478415266,4.143464665864707,4.468119026459672,3.970450101980578,4.293972274912647,4.738751033769893,3.554792737652709,4.46605610826027,4.71138936460865,3.658741082889504,4.516163620514258,4.461301667958782,3.726116925994019,4.243561436963398,4.6655960520756175,3.32213231038524,3.895327449896671,3.904515185830484,3.529462875950224,3.3622156510458945,3.745693018669272,3.1778130478487,3.8903668109169973,3.987591964454325,4.328448918589372,4.444420885728143,5.132519935562928,4.971917777750708,5.405866340135741,5.414083521534578,5.0526889299073865,5.131921852623021,5.183826130510849,5.2686904121834806,5.4698313103838245,5.423470106424352,5.464542368430235,5.391084233219386,5.778401879909217,5.667794877162992,5.5240930376733175,5.885085366577632,5.614791800094905,5.5370905333100415,5.042449117365246,5.048579262850535,5.106525694780183,4.902036461223852,5.08770860897901,5.570201092357938,5.906240863712504,5.8325526552395175,5.497310343477687,5.324676927298625,5.2337311032367735,5.420450846145113,5.270670356891895,5.5649737861783,5.862041022826582,5.541695638820576,5.753508581059379,5.706939946392008,5.926268804129824,5.93888194246459,5.855719397491753,5.984269828908312,5.980999803549652,5.736616705669653,5.725878181160941,5.740185477660719,5.823344336743769,5.696388128111692,5.758179320612844,5.790014942181305,5.629187219832757,5.8341174800717175
ip_origem,5.755692113515155,5.7162899257909325,5.839797690291278,5.654366795660491,5.701018440231026,5.733337937301222,5.7896998441435255,5.549589337850282,5.5127511100946585,5.365211104578218,5.382144081093731,5.251361042655557,5.135240853848411,5.213836259317625,5.207388066881373,5.415943499590757,5.255170665089088,5.353275020081536,5.117176083631821,5.247180019113134,5.068147733686594,5.142456269975352,5.2758861831563175,5.1768110351816405,5.340033455561978,5.13657711413752,5.120012940045224,4.639361782811192,4.668296053635745,4.788956200172338,5.0358832029930785,4.817170866694035,4.333400870093683,4.20334201998983,4.324591163535415,4.814208787560039,4.5367717717002085,4.339338633309442,3.803722012503552,3.5624895185603243,3.9474586100014974,3.6721199938592184,3.933762053934401,3.191282408881393,3.391317956265232,3.7692339415313514,3.4960887879218303,4.153653562462024,3.8735629422468847,3.3363994228633307,3.4625161005169183,3.9260857306391226,4.0006570978244085,3.6458361364290295,3.733356340697428,3.4411286723428787,3.6250128196999327,3.787267747935146,3.7854809727183234,3.841741005957389,3.8915077895605763,3.4557791131458417,3.4447704990236216,3.583903668043916,3.768773342915096,3.896438335453924,3.984899279584376,3.6331505970545313,3.4610420108893107,3.922049391749297,4.093550000864239,4.0874248683075445,4.477233079044399,3.784560388822083,3.806588831100709,3.626914788330041,3.0687528377180637,3.442558949721712,3.920057875944677,3.7595700490043855,3.803434914178533,3.923204083843241,3.573965177009585,3.7286357673611215,3.962906537031961,3.595201504393594,3.2810386014620683,3.2774308109296397,3.560018153404436,3.8865475700012517,4.186495342470615,3.277886194410921,3.5743245319888115,4.524713449469608,4.6399327799620975,4.493950894769643,5.206706807507428,5.413183151292815,5.207712075010144,5.4315568233006815,5.601176271550604,5.657409526768293,5.259067010239876,5.327270221816822,4.99813125820779,5.120280635806228,5.295997549948615,5.4046594663304655,5.764093600648315,5.624339542257184,5.709112464423912,5.0464788235716025,5.124832615126769,5.157573183921478,5.362158390720491,5.2924617455791605,5.00089430578398,5.219291383666596,5.612477107477937,5.3608384696834905,4.767078989273596,4.862764881901447,4.6644081071188745,4.911523225331533,5.0682878078195515,5.246753071527269,5.201227626376493,5.439698335927805,5.445796603819797,5.565791213879599,5.6144123752998585,5.894154740283603,5.736740813700933,5.3892220827100195,5.517335576255987,5.783339033121713,5.7246788986432975,5.767192799363674,5.7070954386600805,5.657206721256333,5.542974916642248,5.684630122367832,5.792849816998882,5.787463790968652
ip_origem,3.892523966003657,3.156519629520806,3.811209919512889,3.5667275981051647,3.536902705844483,3.516596559345195,3.7235579828208913,3.3738459396676173,3.480119744736507,3.549671631910563,3.2773100204928247,3.8198183610581316,3.8838593175118987,3.4088231745757955,3.451892528163404,3.5351499673853883,3.379936898231541,3.8469930225044386,3.8889332656980047,3.5038417595189033,3.559692594897781,3.328122270097015,3.315598410969129,3.709867395726577,4.122845006684656,3.3129226582146734,3.3017494427684557,3.1842191418151997,3.2697132482847024,3.3060641807878457,3.7109274653776514,3.2712145035362967,3.5770919163884,3.2508920695430503,3.605355973739015,3.8399326976103705,4.047716666186072,3.712276578212936,3.3656882795568497,4.097582282896616,3.9367874636402855,3.687604134548669,3.9523316780695485,4.050527459526998,3.7456744155133985,2.9665382811246506,3.0223114746677675,3.56588379127085,3.7441083629363594,3.355696929302302,3.3219549595276407,3.416496634182248,3.4012333628682154,3.616531554125333,3.3934215820147875,3.46378899307188,3.5228628470285557,3.576614166299935,3.793659749179601,4.033402446112818,4.030212549850108,3.587997289328434,3.631202447022365,3.7190301607696727,3.942402170471517,3.7966990607247166,3.941785043042256,3.5317085942930424,3.4314049866264096,3.346765547950476,3.471252476723835,3.4886205535247656,3.9461445253059626,3.491361163790549,3.57539069079238,3.32721688091135,3.3546387337094723,3.6004102973205687,3.8887796475311833,3.58728302892998,3.552659747170295,3.4120930255149955,3.5210306472818025,3.6081839202007626,3.868586601518487,3.477956712320928,3.373402656599648,3.3427501703917133,3.13170645073438,3.5559924787616537,3.799892467112388,3.3371157161013234,4.39286119906223,4.239266512359651,3.272568344123002,4.046796122838663,4.555693878007814,4.395155237918009,4.594899716669876,4.3216371725360485,4.801613809008847,4.913433518093608,4.73399297593687,4.5259422364171815,4.4670552418589216,4.846752525804538,4.744388229192881,4.868863184440683,4.781356610317485,4.411521475323278,4.25759828049109,4.317306039941064,4.418395968255989,4.540090099818211,4.635479476168218,4.350238796561672,4.3078852769753455,4.39536290813238,4.260011220649159,4.047296267498873,4.284288534088848,4.3054628577108405,3.4530975017679184,3.775844097180423,4.046111381128828,3.999583929700541,3.997892120904129,3.372889987214413,3.388461330787819,3.3591326127109773,3.5693324975736798,3.846426614848839,4.099955891072688,3.6765835835972154,3.683848048938029,3.744068790020556,3.5992926026286285,3.859063278631989,4.002619811629367,3.659806259781037,3.5700325538835083,3.851826381627853,3.4577549938684884,3.5487829158559294
