porta_origem,9.211857145074823,9.042625876091792,9.202535127636434,9.217736867975985,8.809326403395918,9.24385142067294,8.620608685841052,8.657591985541954,8.546185671087459,7.9964829436981155,8.319662054221867,8.122317962320043,8.039307074631218,7.9340514510054705,7.848823220176206,7.822730066643309,7.914947024966353,7.9215471204447,7.914783272208749,8.029069573792265,7.972317079892561,7.93713312343708,8.069919567164018,7.939352538363853,8.022202931840914,8.084504221180596,7.767653633364677,7.649488182979991,7.823485249307756,7.72217565891409,7.5889631353333735,7.827257116276714,7.529474273304283,7.159691740562347,7.554671275475643,7.332568899924513,7.42573195501783,7.097914346099008,6.8022909120067325,6.8422351776979875,7.049000999128793,6.389976930195542,6.561656491815473,6.422830715610467,6.660139518507682,6.5756486832056105,6.515095587464295,7.627335658006568,7.132533398877507,7.484356225109223,7.529510328958024,7.023730396715803,7.5029738554006205,7.565203261715869,7.3846075258342845,7.355591189434392,8.376585550667189,8.258257754815341,8.078938769128595,8.10455185126975,7.0703455154192545,7.590067017931628,7.9892197578283906,7.408746118820182,7.937603308614441,7.8417429773578045,7.2881622369331645,7.170510280185505,7.68235213317062,6.906861473627825,7.808679729784898,7.687376908840196,7.9643687967974985,6.942406280136511,8.302644548911896,8.20843665618456,7.783829375841696,8.78641564272848,7.832141387927497,7.6533347183885025,8.4855524559531,8.603180968821938,8.138642975605437,8.489818114301892,8.025759126989964,7.449240075784798,8.429781435873561,7.532049558938187,7.563087219445925,7.711187031806989,8.109967005221034,7.598144110130298,8.31140515967226,8.172822667818332,8.170641581965361,8.952959802792055,8.417890758127433,8.775503700361918,8.884703217129221,8.665666078173155,8.739292032794095,8.882235840701913,8.654686276974369,8.51998251874071,8.885774459429708,8.927613637824379,8.401711788622173,8.82591637037035,8.709502137051308,8.60916579951555,8.900908241348391,8.800105156226245,8.548612665846084,8.766252227868303,8.56668594095488,8.525343748165824,8.867567070589885,8.792457464413472,8.539489554347966,8.467651941489821,8.739559321220629,8.160230160932082,8.594741742533987,9.336667387712565,8.677092991695401,8.889420016299592,9.039394864975566,8.951245024361937,8.86282984786425,9.295765298943637,9.065375534869117,8.919702433939475,9.051765022852502,9.00974035024724,9.012766294862756,8.831684175804078,8.902988237004756,8.921134928207882,8.761281485447153,8.692249049896276,9.45284468137534,9.380076828329885,9.211434796322154,9.809825947131776
porta_origem,6.720003673334314,6.5053224485133985,6.820423246905304,6.9331391624663885,6.956848975699039,6.436564853615224,6.551137011661086,6.835815888848853,6.8386025980521765,6.718104363247769,6.94310295843785,6.8881889280192325,6.847501362994704,6.858527089536589,6.765082720196675,6.763577198409702,6.476824367064363,6.521338581584097,6.428780360424131,6.647762207719718,6.8356934013405,6.4300471809200905,6.781977922655443,6.718716460394625,6.777504543343903,6.504846130465912,6.438235769287218,6.397789564519978,7.0239449665238345,7.1098161434305345,6.851580245173969,6.75977879438923,6.733234136247253,6.58168340416629,6.804911076925187,6.817716660142661,6.997673852133591,6.6535462255416595,6.678375603995487,6.482962533469507,6.413633354927926,6.736571331502309,6.676110582445307,6.503199430797894,6.446727119616701,7.090252732602326,6.704557472769905,6.466628030911823,6.45395882166013,6.3381952203721905,6.806304040636486,6.619007678536437,6.6131478535201484,6.677846489971371,6.690912352262783,6.604880453429532,6.736802573236478,6.698938527812568,6.713257458411977,7.426240829440597,7.477929825556911,6.701064362947798,6.7658613844668025,6.633491942104515,6.592638461904273,6.586898251277543,6.524975391979675,6.426246466023728,6.501683421214484,6.762064822323691,6.661556835033911,6.998767154880656,6.736724044496295,6.637154541166677,6.7587585834045605,6.680487222114693,6.722895353473111,7.2499204883895985,6.895513191131655,6.859070069489746,6.804031745557575,6.588453724387455,6.561552029005383,6.594168360563304,6.730538458410745,6.670979813635645,6.770734732087856,6.750508339580053,6.687404611942471,6.704845049334191,6.70252730471876,6.460650214758526,6.623277321411416,7.879184704215887,7.3034716772549775,6.844946313378544,7.0034087862148455,7.823932394655513,7.739349874569116,7.691959632314613,7.635748020614518,7.3893174003051305,7.13028562565081,7.664144651368142,7.5333735187406825,7.610307934511048,8.202925961673618,7.608322073718077,8.244831808075308,7.3702599108958395,7.11491057582097,7.2623940109266325,7.143798960336369,7.056803995469115,7.094082217459885,7.226176531895878,6.985722158255043,6.852836422551137,7.047552492100947,7.14767656007217,7.219047425898018,7.21248217730639,7.010049088869884,7.083710165638203,7.352816326880673,6.9316321657846345,6.61662825275317,6.706680918865888,6.686224810333231,6.685011149088094,6.548829455370004,6.8575576766581925,6.622485355528853,6.547746187252089,6.599325071663067,6.867561140416617,6.9501454230914845,6.805579037256744,6.621302243251352,6.668273281149866,6.814241584455528,6.574100029518951,6.550920581963708,6.792458049380097
porta_origem,6.480782763463856,6.711763757621875,6.630467687559147,6.617326767927785,6.5214578080304655,6.657350527082085,6.646318466005631,6.525364091986097,6.612371540067418,6.4949664544921735,6.744494001804943,6.762428777590452,6.643914722112105,6.630051913947173,6.615177569682411,6.650332682760923,6.564348318681425,6.613372349926225,6.417402872028452,6.802000069994763,6.703425051987803,6.646253812267179,6.693402624778452,6.7341839587382415,6.470020121206164,6.829829458964423,6.47709556058721,6.646090807897062,6.799311891457124,6.850769537637372,6.618397490677352,6.616961495312143,6.686537038743428,6.653940025476795,6.457971458771504,6.5976761544207925,6.6167360476761665,6.473770843177828,6.637656675606582,6.316586987416112,6.819197613607888,6.785069824282197,6.698061431764884,6.690256394080312,6.739067013219447,6.7836023906555525,6.4736450435227955,6.353720492008217,6.350981358505736,6.434999114230652,6.681063864113072,6.405811094306237,6.766131442236532,6.8883339637237775,6.54262512943638,6.891136637248902,6.799137987365862,6.505308497283409,6.705694013396513,6.323255837578057,6.55451986393844,6.370421193664582,6.509321420381091,6.765213035846012,6.431054234866143,6.502703896528135,6.413513264161075,6.383726110344722,6.446442876062782,6.364293365507148,6.270044469577856,6.73964114618113,5.990094053377986,6.063055274927706,6.145306535224754,5.922290180535777,5.8837329454604586,7.183820442893668,6.699316128500829,5.886391931233088,6.949704804042053,5.798534069636563,6.970620106477788,6.969085833342028,5.9854364242060925,6.980828103834575,6.850483246227933,6.303419294036069,6.647107703644898,6.527673499849162,6.359854834937392,6.438954020249973,6.507745845232277,6.42020890952847,6.433377186402707,6.436235279517051,6.407705236519213,6.604630994866879,6.633833744254134,6.748465366618934,6.334746964708451,6.388963101617566,6.5229308772625325,6.281620603969166,6.449394094247799,6.454049902462533,6.536043806823717,6.563415992834678,6.9395821094647525,6.943105589524348,6.6048985811103895,6.536566119368214,6.6514045085403355,6.5116534796094845,6.618331410790317,6.6136814129748345,6.654667096406988,6.389755081033188,6.111625974554718,6.119629365190433,6.032189174114699,6.0834348826378575,6.185493771635941,6.078175217252926,5.980487613954391,6.257458813737108,6.814678039414581,6.793060770314678,6.852968648743316,6.746464530263292,6.551847271605665,6.587335221387155,6.541064779280507,6.495680560464662,6.633093989801476,6.417787500747987,6.3376284150965825,6.595867940710607,6.408826471777912,6.379501726790807,6.634525779071886,6.513294213188095,6.7189264869787815,6.533571939719594
porta_origem,8.875540480798794,8.909869962725686,9.275136469407645,9.07758805645248,8.896517234277788,8.715291899032403,8.648114143064541,8.464854050396427,8.575691706582889,8.501808060325788,8.491567682647979,8.363173538416282,8.422739257825803,8.364762101687838,8.329572891809956,8.308992370158306,8.374947074765291,8.287278023106989,8.304961320713723,8.180072494106945,8.112744478865032,8.254486777088008,8.195198710276916,8.61159744429836,8.810739463763111,10.03287722649743,10.086201068565913,10.453125253301936,9.86989101211102,8.225505491358964,8.16662368901134,7.946136165172048,7.995296768832652,7.731754853070152,7.992702411936411,7.8575707652772815,7.767596822974885,7.557758442061592,7.314584586104114,7.0773804523056265,7.0936181906222,6.9610562622888414,6.950313472806497,6.898539160136403,6.9091232803682265,7.077233999268941,7.196537452103113,6.891632281699114,7.909539364259236,7.316498609788519,7.162230011941084,7.6919060656183476,7.514528597030612,6.838421164073313,7.5733104137200185,7.325074578822391,6.877112048932991,7.643190386654202,7.497464088488392,7.2670564878451875,7.5100290932590426,7.534307731540093,8.619270015850546,8.090611462060657,7.787166423611919,6.698402410631058,7.5620166009798,6.828207233478983,8.25951546686096,7.806910113237079,7.610918990695514,7.1118664572774515,7.526553022818764,7.60788601570233,7.0618751999803795,7.764527520817613,7.617000886072444,7.065964178688122,7.590898453523476,7.549498360261492,6.914103582809223,7.855877236196503,8.533494201473218,8.115463869452327,8.105205875403456,7.592511612748535,6.9811154812002565,7.608646138631363,7.538018576075952,8.501371659358464,7.691770204363848,8.67986833930346,8.242866046438444,8.166893320025109,8.530598920137166,8.338913190473162,9.137123998341202,9.006641450230992,8.902045022318504,9.097463120210953,9.010021178317396,8.679135328392563,8.837899910232961,8.767833549402711,8.688532406846086,8.834841488284065,8.795717150998383,8.754545443789247,8.858530393440814,8.949934809755367,9.172902546703957,8.986924881893133,8.983145371855107,8.910846298929233,9.032625491920653,9.084347283110311,9.08247940294001,9.09381037390693,8.977307225848199,8.822385683489639,8.834583256673225,9.291055204707876,8.821434597311981,9.068861014119028,8.959839410275704,8.389780378849695,8.639781136743848,8.740284345725419,8.677802720507213,8.96227535863983,9.524721833333594,9.514721859912061,9.430182079909892,9.191964946975117,8.84626154265385,9.022895421603547,9.029527962120838,9.963808885818537,8.793600257200481,9.961730730668489,9.85365529299734,9.855419044894607,9.425676828608252,9.036962361185953
porta_origem,8.850824639829739,8.95086823310713,8.67975167425527,9.002575189056023,8.799028286377906,8.795538716279244,8.974293282142531,8.759423483978704,8.538005732763184,8.641411912029968,8.678305777422265,8.52477129425619,8.617863336041601,8.483687762953267,8.464335033566622,8.078770211218906,8.428511146842057,8.588533574578046,8.378394004477828,8.449639458950518,8.495395873296957,8.25037930112927,8.471438120534627,8.474177079027157,8.25320432872925,8.316992379517599,8.291738284850666,8.02927800617758,8.241948335771418,8.004263421133164,7.971913527460217,7.91318305093886,7.844626834335548,7.63698582048192,7.824315014882868,7.951136604227365,7.7570122549969245,7.635907939501082,7.5707126916064675,7.288364157973219,7.352650947245129,7.171244740038746,7.140751147640402,6.863882495668593,7.022280272725268,6.968430197075653,7.076501595810919,7.263650032409237,7.491634711477956,7.273465439580207,7.252714213169877,7.629248865724884,7.481029613147278,6.95008356259617,7.58502120485198,7.275551412748895,7.652510913254352,7.733334146121869,8.614557528679619,8.247108957327352,7.686442703219132,7.162494017506256,7.843422291286721,7.745537308248498,7.421564495025176,7.891627595622468,7.8790075226470355,7.216777385517707,7.804941191479781,7.556415701357744,7.171675753047777,7.512905841077187,7.651605137262938,7.273181823770993,7.750167190473348,7.580375306057896,7.329566393830786,7.848379321367774,7.89232887525162,7.139972182236709,7.624955797792198,8.700127483808307,7.702800350378188,7.665763244832727,7.555019008691133,7.164347724946274,7.537945430934968,7.598892864940322,7.165055343284731,7.95123360348534,8.238606751965186,8.287712598221466,7.92991359092495,8.029279723365157,7.850210951665564,8.208096512606991,8.573745174615333,8.618488646088993,8.631667681938886,8.91942406611007,8.826469067360751,8.78005249811168,8.865209289611279,9.052912047806233,8.866644471036855,8.98922156933043,9.316000798324916,8.972046612616918,9.03768402803832,8.874413924446841,8.953455446950507,9.00920168916902,8.86850940103419,8.837519391950101,8.910321820477561,8.836350149764101,8.704354912537731,8.859362902595802,8.7249610572661,8.343757849467602,8.457570821586694,8.350764749897925,8.147841269363168,8.56478838871269,8.61367982299843,8.39889995852039,8.639597053241706,8.692577240297028,8.643500278817964,9.190504650121104,8.76208938353374,8.786057855571434,8.828851657267961,8.796881251718283,8.6548672465567,8.871442098915674,8.931078882896399,8.716792107382906,9.25033245112776,9.150014665665053,8.783490052756546,8.845146561803523,8.82886816338087,8.683311302383318
porta_origem,9.05156118241776,8.954820769140305,8.81073249538696,8.787849114826933,8.783650589669353,8.68170234656102,8.747917036536093,8.810455662557526,8.546195112364545,8.426151369027783,8.623001935566705,8.34991866809832,8.211280081296843,8.059034209396533,8.197092887156037,7.972882526333637,8.496608896935284,8.545260976527338,8.434688811619676,8.304739624193614,8.19866418555297,8.32415357811625,8.403711761859508,8.37174437970908,8.611296838970388,7.9437694019803295,8.045458346885143,8.04019732915627,7.959769779994537,7.915495382240773,7.925449748593443,7.8706583523286975,7.693749479612178,7.532017797177973,7.4620592391637555,7.709972093810634,7.747616564688362,7.654591513462144,8.998742347499045,8.382975721487242,7.504620587683028,7.298584125212178,7.172427574767883,7.116704189782813,7.1533144459704845,7.294277629112862,7.401648413671877,7.4941578586565045,7.339498308415282,7.202691048444395,7.196227581781824,7.13726789931814,7.227502408583192,7.256212046642031,7.1088138237429055,7.567285643505731,7.667998191233194,7.352412941956049,7.807402997989183,7.554654536961273,7.410731886260272,7.666690139334222,7.6298260968973075,7.645825653056871,8.725421990519349,7.808845447243076,7.153751309204682,7.708055692701653,7.579522841724278,7.557621993510729,7.0953373839914216,7.581607871982683,8.25332280010474,7.009273365021147,8.075103514056046,7.54907366454296,7.6455648821741615,8.270469158505561,7.803385482682241,7.662051013139883,8.509533590005216,8.827195065066974,7.091792285483807,7.550409550674851,7.549796686102475,7.660630981643775,7.529289997246455,7.684523136667063,7.472490966254555,7.1295195267298,7.452330585287956,7.666800155834974,7.965259378050026,8.233557651431603,8.557693857750767,8.73156276935518,8.719830027093423,8.66054423537057,8.69076304427026,8.560879487297518,8.641241226277574,8.742246111833689,8.656262539479895,8.812766229076686,8.70817018606299,8.82044594744617,8.647545863022744,8.724563004524018,8.820738726751241,8.838377224918345,8.936908665261614,9.117861892198436,8.988204677851712,9.00908960715655,8.931243747076559,8.79875497471124,8.801437846542184,8.811333360267744,8.571660588805463,8.54857776484724,9.652965333965248,8.734612454100851,9.034865491093322,9.07144206417631,8.571735032838157,8.775778385233924,9.062703648274953,8.743741257441918,9.048253723458773,9.135726407796453,8.84872322104281,8.764839487275383,8.86512994156765,8.885137353677655,9.065870447624784,8.805905447610456,8.796080872939667,8.717130133426602,8.855033845438681,8.83170291532084,8.700966335895787,8.868006374180522,8.92134025110634,9.097506432681651
porta_origem,9.034997690321495,8.897852740181959,9.021661360082113,9.359525174246631,8.975685073977534,8.9281301559967,8.922829727118158,8.784437317408562,9.27248914336098,9.630119177432276,9.671527197923988,9.604395682719378,9.418739118424561,8.48037940928422,8.486372600608304,8.275832347757314,8.158516941665944,8.170306998302376,8.118823352393205,8.135075284766241,8.086715354926188,8.206972408320636,8.437278593324143,8.349363813707196,8.378789233395871,8.276542647769354,8.447608471239842,8.312191806753052,8.344573231691195,8.064792769464773,8.102121722335532,8.133598364670958,8.171257609496754,8.037880738635291,7.880413486964858,7.815713691086191,7.8656252549813095,7.778521963722186,7.677098544973592,7.6134065959030055,7.4743393198011026,7.07169274054599,7.239829717157368,7.318906880113655,7.14772742748059,7.208458717732613,7.243578475744426,7.334185887235838,7.225910797913404,7.665482311191182,7.7162308381424465,6.900950661739332,7.1498697535802815,7.138752976811572,7.042987610803187,7.131273438558087,7.363560686746491,7.128486798131008,8.486046844003607,7.34090230885637,7.240328042052963,7.475627241991881,8.432275000454773,9.136514876351,7.689772204603133,7.341093418985229,7.094746213690196,7.206439480383756,8.003183107092088,7.191289126073857,6.9202434587108135,6.9575732308370055,7.739942704751406,6.990328716811418,7.298165153383484,7.6074902643157,7.427806050773777,7.823273511629107,7.558101109627618,7.384100039480478,7.501979907284457,7.438652670631169,7.535230353457928,7.498767380531675,7.394888109585352,7.257146446657697,7.315656531951637,7.3659702250873025,7.289678340373236,7.392043902131013,7.42075744694896,7.262904911718272,7.8692036833263215,8.195448809818688,8.352748696356901,8.533856261289886,8.683165737588626,8.751670374215749,9.01534021919171,9.099582701401587,8.948723177490479,8.742600257076367,8.643291765806309,8.533986105755385,8.670581091942909,8.884067378498312,9.045389295838755,8.98020951729052,8.918069480764359,8.784149866875017,8.995403502147402,8.868114834273458,8.708147252770997,8.644574257133597,8.609202880344723,8.70610001804096,8.634321768400184,8.517497804114912,8.398101138075223,8.45537308660986,8.416394570218342,8.201689247570577,8.204278462939168,8.904093020415148,8.68340271360534,8.624103029788559,8.737338702758992,8.81991531700141,8.711171196827896,8.897967223890788,8.868135402599632,8.840077373830969,8.858703708860176,8.791770159953678,8.859850848671304,8.908686756611845,8.742945256002443,8.921735830497443,8.893499275305953,8.730289171276278,8.74319767732867,8.803114838958681,8.748905713303188,9.26158087441434
porta_origem,8.929926565523651,8.986140396947635,8.858124750339801,8.916229639627003,8.791936405669304,8.680596054424985,9.04634192083539,8.912521740814444,8.521925218494259,8.663470448463563,8.291039687746768,8.57829453395506,8.258884402611313,8.152910032444451,8.305939810320874,8.160949610321191,8.753482285757372,8.193742848590617,8.199377394117727,8.236412758227619,8.136367317588794,8.232010803694925,8.104466282215638,8.041857996815184,8.203773647361341,8.499207578462384,8.060357559090685,8.008786170051597,7.889397131012652,7.492683485222924,7.55724239527094,7.640200249189109,7.570135135131753,7.558249042760885,7.618865948670144,7.615869212011213,7.278142296098722,7.130729914086256,7.22433413292744,7.1323653727830525,7.129600025982613,7.2521450914160885,6.9809131655255445,6.854026648799394,6.833666730608275,6.8481793304346645,6.977234689961973,7.122652644079112,7.142225264929327,6.982115205138258,6.944051540819263,6.976968808859116,6.921891177868514,7.3634413384091175,7.220484540000335,7.194533866344009,7.374566598349385,7.2324509815164975,8.296307351024318,7.4690693869892835,7.2662202572208665,7.134601500645147,7.0863734296426335,7.1338207433089185,6.9728124413049075,6.981280624838539,7.162233749747273,7.117655965152601,7.060301647779182,6.997527038928427,6.989268518394543,7.4386034989602425,7.8093328352005935,7.24316344107844,7.331466588962654,7.9477833508619335,7.621127228836733,8.195535991576062,8.199424083143892,7.597575330510013,7.907001690089247,8.069398856304023,7.363311498430711,8.117732726195236,8.266053665957067,7.315823969665713,7.973960557011383,7.124108480252764,7.330287250774795,7.183989714080888,7.950290892733786,7.442485904052361,7.495063692124,7.774944455066308,7.671747334255805,7.777768000170269,7.9285319719547225,7.849665548458011,6.976986602493031,7.337949159836924,7.137359311128308,7.977142051605933,8.200563326365089,8.15970295681528,8.111768934923386,8.210546910801144,8.352343667424933,8.724784229890176,8.567246445476531,8.565385450155757,8.49789569564245,8.691922681010974,8.837742632993184,8.765190377533157,8.741323268559139,8.775470957412134,8.7741828085491,8.742289630295021,8.600913730872692,8.491316275921141,8.693166035345014,8.484536402119836,8.296563995262737,9.231115090844217,8.910509359948106,8.618402809587064,8.661184345015782,8.748564332114723,8.351971756600339,8.773951177994617,8.811968154285463,8.788381877194116,8.8352953301431,8.51105052378519,8.791092776983751,8.680377054269803,8.671342982365966,8.750362579658955,9.13297540073042,9.030709251868883,8.801429333384704,8.776704715191373,8.905931883789812,8.758529089641904
porta_origem,7.271013367923449,6.831843517313527,6.910366003526992,7.1030860799956965,7.012217498303475,7.146292698260327,7.303026249569843,7.2442392772132385,7.232324812224723,7.240463756511383,6.796300358157381,8.241209107732404,7.1779988367797305,6.950750809760091,6.767288253884545,6.454421130511253,6.86764931297913,6.547454668024479,6.981538286775558,6.725159042640884,6.9232258651192256,6.728294908502301,6.931587561320965,6.7945576593264425,7.142469372431675,7.513304983976281,6.7749275330015895,6.889170844614178,6.66373845693082,6.863252001548927,6.935513041294401,6.969858473150742,6.737488822608395,6.508521932213642,6.728609999019453,6.741579590384783,6.625129621181701,6.382336704986511,6.471516793940946,6.382879995604463,6.570841945451759,6.568330008216798,6.673959512882917,6.523282596155008,6.477338662343925,6.636113581271175,6.774090733993857,6.994239641237835,6.9987527732145285,6.847658261579225,6.744301558953644,6.838944308080771,6.9294240027925005,7.0011821003788315,6.883851889297648,6.830154368733695,6.848693708221736,7.136938004736563,7.024634768984711,8.726163995908594,6.970159264939396,7.248704697464452,7.237381359410343,6.89470908604881,7.42142593897344,7.455998434917816,6.896770414724156,7.355031472251554,6.821384091837549,6.893697554553316,6.880724862368043,7.2870986356791425,6.938779157823147,7.697610476649977,7.0295881533702085,6.8892419459002685,6.743090312573208,7.492712421108228,7.3591831425386225,6.844951754011447,6.7047759690676045,6.73514841727183,6.765555385490615,6.821520618683133,6.780933794909423,6.732922204222015,6.870601389509942,6.799049735839242,6.659018421472172,6.8973984143093565,7.062238769265617,6.829925133810503,6.8749959199245945,7.5985323210330185,7.844899275100008,7.84917440409045,7.7510716073835235,7.755286241101774,7.9374939993381535,7.682940388820174,7.805309318407155,7.781972338450356,8.025739791788784,7.848662468832821,7.941966554043874,7.811803148827043,7.810206713221247,8.341509742000907,7.882485254027831,7.517427049270543,7.6500919157008065,7.494847492421938,7.578549438908988,7.518175733068495,7.7376172691557406,7.581557665152362,7.61144624423935,7.687012004877371,7.3006583795654425,7.284676492348803,7.203721200874673,7.576897768124358,6.960646796913518,7.235056124417925,6.936381410278026,6.926097760880108,7.292126849046495,7.459971279906843,7.556259325476461,7.265124608358596,7.518333574461537,7.445800830496736,7.324861231838017,7.233668547040358,6.999287360813936,7.079590480810874,6.959742171199883,6.673370118213785,7.407128279635201,7.055237146328384,6.848062136561095,6.826552091559397,7.0371486173776345,7.179958968456786
porta_origem,6.671614953085834,6.587729068175051,6.7369011168693085,6.653265323835872,6.696075442540561,6.8014246734594055,6.78490793382733,6.77677196924354,6.780584929770932,6.781765823612228,6.7580622391675735,6.7776014189731075,8.367186052631537,6.607418431559098,6.6840628613472415,6.789224275815124,6.782713759868871,6.728074702805539,6.604511807118776,6.771462064191834,6.719963498813796,6.913734144690911,6.841741706975409,6.927602247777656,6.898071979769036,6.590795837906718,7.343270339677512,6.753178502108688,6.78322322268276,6.7443765523559485,6.9219020302971686,6.6098903285950605,6.697966675429993,6.853179550634805,6.716711304271295,6.869245353945675,6.925994603286506,6.6786290669906085,6.697689393790107,6.702211664376738,6.713416424692737,6.648734509561779,6.646579783881117,6.4762056072966585,6.596509851422298,6.4903965828902805,6.56274766488156,6.586982128548674,6.508474987815185,6.383606032500316,6.474059343147773,6.4657556103064096,6.428730908610586,6.998283495654062,6.878272527000838,7.006484027962309,6.944449292473843,6.747834487138834,6.907585354096378,8.084267820839939,6.848155791336964,6.991924935389986,6.715673712846312,6.4612143094178185,6.709336534122938,6.509057437526008,6.73059688612072,6.669514935425915,6.414496624161984,6.655816206888994,6.840780021500495,7.161859421546364,6.9313176179665925,7.538796403160628,6.849570367991163,6.639568196048683,6.567184665687254,7.232455293205478,7.030294171067937,6.557032830846336,6.445462383087063,6.398736112974598,6.860491250807629,6.631584588737232,6.796359253487139,6.766748909350206,6.653789633659157,6.792084407705778,6.585594216108202,6.39368504031996,6.783215991460983,6.706939557601178,6.540972650117844,6.401325149323503,6.488344261288877,7.0641150776543835,6.626108994553635,6.4434364984274515,6.742492644860898,6.558870899918776,6.780527031868575,6.9017815842316566,6.921714882968856,7.211117563805374,6.54856650828696,6.634104689101847,7.036019935151766,6.836679594689323,8.302117358654058,6.534996966975763,7.059329964260354,6.9679996205572925,6.842424291807514,6.820257275855679,7.145092826218077,6.7827503973294565,6.818905815737902,6.968950811089102,6.712564807419032,6.773527387951076,6.751961825752113,7.073961382542316,7.3875815912033485,6.732800267887535,6.8216789045939965,6.761395001120095,6.774516064430977,6.8770956332132895,7.141040498632593,6.9344874388342586,6.783296717908447,6.612476377254818,6.87552151335375,6.729661102629688,6.664556427543597,6.634263036923826,6.746927905015209,6.6736622259744145,6.8304114492395165,6.70367212913717,6.700232666142861,6.762093851447755,6.742866411577732,6.679341985708791
porta_origem,9.58398693518426,9.756792383207179,9.38757098525733,9.517136929579936,8.598777370548554,8.623437790321526,8.59870408043579,8.456419441093516,8.422758621287523,8.381197986160469,8.25036932853047,8.312011610942976,8.534509528499887,8.026574873739348,8.12473015813305,8.190302710476422,7.998069699387695,8.365046231502898,8.128662147896629,8.10558175544751,7.996062075276082,8.124893010916784,8.028434667329106,8.1765500375673,8.033583301387104,8.119141620166848,8.165864712589357,8.205396071693809,8.160525414340226,8.11653091647303,8.05197224936335,7.802826901649455,7.8645289416174675,7.778928159760624,7.836136553558943,7.923018586038902,7.720384796795013,7.01597391502817,7.18936359751658,7.190112176512251,7.3466422666792015,7.1171928665412185,6.996316343934156,6.840852640654303,6.928798565724626,8.041645980699299,7.227224529575758,7.1719209225391385,7.515192011938387,7.269132165350435,7.011212993377515,7.5833624992555855,7.397448755184564,6.940191781962584,7.641617712069503,7.315449677131867,7.097923666889042,7.475989895820719,7.268753032173146,7.441513736406237,8.501724661282367,7.925924411379333,7.168781413268758,7.921195850782168,7.975838728180285,7.170019456457236,7.7587186018590275,8.00078446832389,6.924242490176657,7.651916685674088,7.278915673071888,7.88000120175773,8.169996635507934,6.671888470736612,8.67660211271371,7.919482251607568,7.555181487052597,7.507666287749831,8.129359185957444,9.580730906474262,9.039531180043957,9.150621046330803,8.602125252732714,7.731288689452509,8.115556933063871,8.50365182390998,7.272188520836166,8.332650068119786,8.40223280184857,7.2470408600289655,8.411089096097237,8.294178654472528,7.841949297266186,9.931064475721348,9.047753999697967,8.114741831610326,8.815221816008723,8.96847361100334,8.391431476981694,8.846198081445776,8.697147979854803,8.540341820575478,8.896120768517859,8.734379345708003,8.573807699120511,8.673587051299151,8.812432279469045,8.564674525492558,8.912597305934646,8.84560255932473,8.868622262188994,8.748928731129592,8.96478486589015,8.787958358890972,8.815403337830967,9.02854393058122,8.786367885675839,8.886577255486513,8.768367363521078,8.3261647163012,8.659120465793121,8.55049091011866,8.250483086398999,8.628111856060054,8.614629412507309,8.534862913335465,9.09809010190893,10.22018617655091,9.969324609025692,10.039228273818251,9.8704770208933,9.833075607625108,9.55870074603543,10.146327536853553,9.698898916734887,9.74503884948633,9.98093500103422,9.53682307038082,9.897012464027497,9.67796800709154,9.727205374849673,9.628805496714133,9.726796012405805,9.556075811060788
porta_origem,9.198610259415682,8.824451243238595,9.042502608196463,8.996196700527086,8.966066508430854,9.158878205257938,8.947896786732768,8.798579357006071,8.875846912619409,8.87440195995592,8.374953339584298,8.448622537783349,8.502081181617202,8.504284167816289,8.424160774063388,8.468144222527009,8.213323597257096,8.831757374559269,8.668895554765218,8.59861997700213,8.569160382721236,8.47315483613746,8.168183364394784,8.511901493562565,8.698192769284466,8.419637195873458,8.645762407476019,8.648315714086925,8.765703284158025,8.113762994865903,8.764564688685653,8.669454171007683,7.647942191956651,8.225556174901909,7.7744126318801134,8.201485414806976,8.169100899307393,7.6545377672243005,8.094318977543558,8.267001267538115,8.174843137380737,6.9501404638085855,8.135570939431075,8.002105930517708,7.2459086678817775,8.190264235335569,7.608569180110305,8.083309885297151,7.6366384241778045,7.054446681559443,7.158062347002027,7.155434244771572,7.707969332648001,8.127675785086618,8.00426600849759,7.721578753110636,7.866402484012791,7.564602792323334,7.27951812478913,7.850216485862668,8.192296110230764,8.603755154868967,7.626029635668878,7.652104193111027,7.064908631903129,7.484965390717987,7.609333617254822,7.499310430164139,7.508084212744058,8.176917606337438,7.5687748420915035,8.00353042138742,8.519788494575753,7.763093367887208,7.945698120407356,8.496838982805121,8.215536076985089,7.182502597618492,8.164455686053246,7.989951924613032,7.351181873207755,8.042140901144572,7.284529786950286,7.265448701765137,8.16086364120147,7.6266019067615725,7.813740336175824,8.163355452770666,7.683939158222184,7.8632316770731965,8.270431618643103,7.654375323938223,8.106179878921703,8.179804110947632,7.981257157109966,8.675503880723992,8.686372402091676,8.409042954254907,8.528694025878817,8.701003363547478,9.039251469142739,9.04272243738414,8.963597985573758,9.028730838883103,8.879119395308908,8.797983763783877,8.543984693934467,9.045228703497774,8.954522969201975,9.083980049790533,8.594346555543543,8.800394516482381,8.657031560221649,8.655501657103454,8.75712916339121,9.390341896598233,8.859020082788824,8.857052229684346,9.086997615610304,8.635481553078035,8.932019901945047,9.145014541248807,8.753957980876098,9.104060668409907,9.285354417999852,8.57963401146046,9.045046718429854,9.249008577599927,8.8885238098456,8.899837931773773,8.744223309705605,9.031309884298711,9.009171280251694,9.081252695993577,9.019666991930066,9.224903682052954,9.078364323669351,8.955964041045949,9.104743927935226,8.962897574238111,9.013039562466796,9.067988551344095,8.9645863766683,9.058374960156463
porta_origem,9.62048935359432,9.717188878674994,9.785541949637572,9.66583770179492,9.65990337714168,9.59232472051191,9.630097223841648,9.437335543552152,9.733006453707178,9.43933814222022,9.547803119263463,8.654283429052247,8.669142672016015,8.302891964470199,8.736981187963552,8.511377854232302,8.068302681902054,8.482311269837169,8.479006371045813,8.129530611338613,8.249370491323868,8.094746651767462,7.9592602363458935,8.003459423531318,8.288684572034432,7.98786425956636,8.144294742698268,8.210868715791392,7.799417503125057,8.08984763643222,8.12427528078765,8.483774009694105,8.19274902359171,7.9470269127847075,7.606724788397278,7.8217785646871505,7.817077967760987,7.418799271276073,7.6981876140441825,7.8255982026344,7.099444678463748,7.774240476490308,7.6815302140552895,7.352992576749813,6.978570441816065,7.74478804343977,7.719187921884929,7.043762204812577,8.569667449340725,8.09117126758374,7.382644848482504,8.518440238675952,6.761968272782263,8.539764441542765,8.416761069558047,7.292916731993666,8.321172397233212,8.201842089895164,7.965827114845543,8.349016169389651,8.028216204005277,9.56024914145607,7.3935603364484335,8.386186790831893,7.991379146680039,7.4580534883238805,8.366203305456372,7.994089064512459,7.654397647658062,8.055276510268436,7.707142304608843,8.496800849719204,8.251617281137483,7.3738210191514435,8.415342271978798,9.340491532631301,7.95444107891408,8.957067505121731,8.677693376967635,8.177246301729014,9.313414167544575,8.5129645034124,8.948609571014735,8.793768690193186,8.69257489045408,8.23882202158444,8.945400114107803,8.131887302813812,9.83062691964508,9.179634689551824,9.372790134506156,9.122254096708973,8.631650194164004,8.659891609214537,8.56637913525771,8.703241274738332,8.821209836745712,8.872077987120862,8.845489385037885,9.00876369763068,8.873428971101667,9.015913936512217,9.056880386680984,8.76947968795613,8.987879850879796,8.796308433987619,8.758049500875035,8.885064098844461,8.809293184847025,8.902639911538829,9.094634592899782,9.025341620666213,8.96394186887369,8.9961425686714,8.978538509862323,8.906952480413262,8.95638933682679,8.872515261900826,8.728409143232499,8.47842056675774,8.301411261227766,7.827347285805732,8.316930777508492,9.5403640107205,8.553608837164445,9.029375956519644,9.2046609945728,8.73641799054187,9.077821811695202,9.260263190409468,8.907754891915237,9.108405898700276,9.10111015457418,8.726495005501349,9.113527034232321,9.145049369974783,9.830252119201974,10.20383669366408,10.006790686726832,9.72294642410126,9.69192489650455,9.781872260697076,9.681024011681023,9.915473421717257
porta_origem,8.996735626414125,8.937868213305975,9.198146506899533,9.010553270613915,8.92755004991114,9.025498126280572,8.87530024933347,8.796899269425369,8.684322287646594,8.68634963938725,8.321126976728172,8.617612173463247,8.693047563925342,8.235003344723271,8.374840156858065,8.08358738417678,7.94840263443476,8.04015606367254,7.978432001847898,8.03790075201988,8.007365449748297,8.207334001307098,8.140469867864377,8.069382160566558,7.978773092781477,8.370031147040653,8.272672255789743,8.26279326468022,8.152376488966397,8.009757349297049,8.282300917167536,7.9576553410391035,7.9820225050837985,7.957568375254231,7.97201327034958,7.8139784903977425,7.766564338023588,7.709309898182283,7.635477011735749,7.5735215470630495,7.4495098636509205,7.1332371773616625,7.065600756488865,7.044099005247929,7.087738469172032,7.631973301539572,7.225620461407191,8.633349998553777,7.874505160317653,7.590191285577864,7.627278854738965,8.043982700942795,7.694819872726366,7.609621868899697,8.141806651297205,7.848379340890237,7.781817961689344,8.089802111804474,7.611577426569759,7.795039408580898,8.028334517818703,7.64586164473589,8.597172011243094,8.19324809832402,7.747699006255328,7.722126845847696,8.037027949779937,7.188636805504228,7.9853604219240335,8.156096209102532,7.499611085564212,8.201906846834916,8.264887678660152,6.9662341268310595,8.099512187527278,8.086700512685146,7.571433095426647,8.290853598980467,7.739240917515397,7.662674206550437,8.289655732445134,7.8102313721978245,7.7515705050517365,8.224934860736,8.052993846201861,7.73061815749838,8.326046038220534,7.878346869354591,7.698034081146425,8.491434337410949,7.88063745744733,7.953481785644596,8.369525632119165,8.256713985828526,8.726958284464423,8.831812163093929,8.657191251634872,8.744745116383685,8.905256546936583,8.856784545752326,8.980933947989639,8.780883106264866,8.935880525896296,8.950105400544075,8.469908577060918,8.952359643703328,8.85270048585817,8.438121278869701,8.914550290469833,8.848532185837936,8.773490717143373,8.949849881010929,8.90947526059859,8.791657881519537,9.024493922742693,8.98931209912967,8.779142047110847,8.970455596435764,8.909209245235711,8.465481201352437,8.753104934744513,8.453379439202138,8.335138489639816,8.85927775866156,8.761647715183836,9.023488152322763,9.20569281700829,8.881963545265158,8.922574670607613,9.126401291733796,8.95006749459455,9.057624178585938,9.252193850228457,8.996388384108945,9.16821124634906,9.092003040593573,9.032345969279763,9.09554857689138,9.222382853948924,9.011410982919136,9.155717087948684,8.984304595373871,8.993728942620253,9.254476630596447
porta_origem,9.192780668920461,8.890003258032579,8.94920411175406,8.92108518587947,8.8550528259502,9.02941746315217,9.015023126557917,8.619923327985951,8.832848572152333,8.791707409467028,8.152000775013349,8.848238627643207,8.796128838578992,8.203316613257757,8.776370352868058,8.657848038860081,8.291740921000603,8.680170686067406,8.998726610721539,8.425965425933843,8.737645234794892,8.87284245742678,8.135228929075915,8.699553635681376,8.911784140648011,8.34678106357517,8.808395855338588,8.348029881713268,8.235871295140086,8.403429032113037,8.289252606839286,8.193845259354056,8.26622812717597,7.672697659245119,8.343233353682491,8.300415194751023,7.764215968986712,8.142149514095294,8.436876344985096,7.304326801843553,8.607421568982392,8.568662925958717,7.700962015901838,8.210989812662666,8.391776794969998,7.758191703092788,7.983998421367249,7.761559080879895,8.087024990771774,8.0556804526389,7.757153033270776,8.295098739383198,7.603763255373975,7.8389253924424,8.065494272619505,7.239010321394062,8.459272437048735,8.234162228317684,7.808370970726293,7.8900357245293264,8.227003258893456,7.933871963243692,8.771109730456853,8.380357705288246,7.659071680606372,7.780252542561746,7.891441422190776,8.007185657169371,7.755889871162893,8.20374959771671,7.94589936583414,8.28764998348132,8.584597511621453,7.787517635825049,7.981890029662122,8.500436688000459,8.975585447554751,7.844643673881969,8.499322076076647,7.884013863654089,8.153335455399043,8.556005328102566,7.949324337580823,8.267687491620809,8.498123220564482,7.956501191275556,8.102318612705988,8.376508231497763,7.853108651425147,8.139032268794548,8.077316796388766,8.473543265691337,8.095104573246205,8.59064299065488,8.355364511762655,9.083604639970556,8.576407492838525,9.501090177010742,8.966571692765758,9.11441244140095,9.175093814318656,8.720770157956649,9.113328702468817,9.001035240349042,9.027277212947586,8.982407880700707,9.2478140419715,8.761296035787643,8.859088513214227,9.21515665714513,9.223435323149598,9.212607859283038,9.139085093559514,9.330521771840973,9.126569590105284,9.099621626593482,9.233863002452576,9.044820944373724,9.070963917585626,9.137548352224917,8.708532265387024,9.13059430251694,8.862846100774323,8.836806457629418,9.490138265629824,8.571222318259105,8.859947568226762,9.08964172857943,8.776126035144182,8.956760876303091,9.227531633530687,8.939493534798896,9.002159769590863,9.038296430068886,9.024456875424733,8.922981661228052,9.050180364552226,9.333957025842793,9.200453886688463,9.130251829393623,9.304096185193764,9.575133052609887,9.078496176239776,9.271739664608512
porta_origem,7.288686022232479,8.919769848510143,9.227983236849614,7.073131216733983,9.170846498491203,8.895768807068576,7.398556139109366,8.906062459439024,8.483436451461875,8.24669126989371,8.946405889576528,7.957996434984052,8.67087610111596,9.15750679099826,8.505091308279775,8.21013529461159,8.98339420048889,7.7858887605867935,8.816597766571787,9.10338367753677,7.927989629892759,8.534262430342723,9.116884220422847,8.953497714194244,7.647007690071358,8.967537081783606,8.810885105603688,7.119391336125426,9.012797954664512,8.620300530961947,7.8394262108979165,8.819533605192248,9.002900846061586,7.499690674773323,8.89726418557748,8.387428934536429,7.784111933310629,8.903162143864813,8.396946836292695,7.791497014868638,8.998587667202465,8.444351481730846,8.922505190607577,7.955726612588212,8.437427751356994,8.909395909177622,7.6197263159085855,9.309932657987288,8.30492790322749,8.269392982983447,9.044940782117733,8.420400697900892,8.110014874127673,8.684300643291428,8.53946779512535,7.905094019884625,8.524444503133612,7.852770103518523,8.812560068907061,8.377444942054996,7.739373829856524,8.937222803325371,8.502869325734308,7.823359270138228,8.882751452685447,8.4635077138507,8.155453178750797,8.876360693889428,8.518762506196165,7.941873556584707,9.052701784723622,9.027112936996962,8.314811896186205,9.103343467505164,8.689034291596814,8.206790674877963,9.003636675823765,8.662879576065242,7.918436365940868,8.876950052113035,8.857505355986676,7.505512794710225,8.909274859324773,9.11037284590842,7.072306564702191,9.114434712911589,9.099235687754646,7.058792353783917,9.108314736992568,8.555141395297357,7.694968582199943,8.988711785349953,8.583342494687914,7.721918336995678,8.594985158222293,8.433156133374673,8.149603715427286,8.509771103706298,8.343303988456135,8.16571553367589,8.572900393567249,8.418275382477812,8.301140451251722,8.595891045820284,8.451886951720574,8.483559784080716,8.594300884475237,8.345558913516347,7.873148351157474,8.83549681190707,7.7347069893014515,8.471770725919512,8.758091671950947,7.357523131191276,8.671512429770884,8.51071761822606,7.97724514384725,8.584593691077908,8.713596177906533,7.810036492244586,8.490984061740146,8.693082966176107,8.714004986033363,7.7624657808427235,8.929862152200219,8.659213334410937,7.787496909316332,8.95636608518884,8.676734333842742,7.9044749087590125,8.99521337742482,8.959691498785707,7.4553580423893715,9.117321582497226,9.08319459300386,7.319905528455923,9.093984009076344,9.038123369951817,7.2433249061217,9.065835239939746,9.036085990007248,7.673495820913112,8.762727316811375,9.10512938150288
porta_origem,8.98998362866408,7.145384620412879,8.930221567956243,9.05265886040834,7.245570522539285,9.020505538889733,8.82262606683135,7.785537299494552,8.6502970499617,8.973449234972529,7.267970791023072,8.912998455678713,8.965814950699016,7.239252649609183,8.957265423177729,8.89406706523118,7.222974985479008,8.921886605593398,8.708379567756683,8.269799236689861,8.685466520929037,8.44171955451582,7.875953952348063,8.39454867831498,8.97662323236708,7.379337021303457,8.997896528989573,9.11722191958021,7.20104317894445,9.036328508204935,8.903917716906298,7.3014426342168095,8.95893808662416,8.563776317283436,7.617616412509201,8.985267639028088,9.11377103188168,7.251472932970121,8.739540968477106,8.492377764251572,7.225360776990988,8.793435411792569,8.463180044846503,8.001752597938424,9.001542557466417,8.226895046603104,8.29676882618658,8.043142703251105,8.572629389132924,8.952749789517219,8.09046717609762,8.883873970076197,8.623049578615575,8.06312412683419,8.770133349732715,9.043537629372967,8.155037229698628,8.634805472783329,8.870482499870404,8.649181030553839,8.396938689056764,8.675180768807117,8.86694784885409,8.645041729111679,7.848793538573397,9.13400870460214,8.6495827154607,8.026508991807043,9.1253084380057,8.705659478498681,7.900661654682031,9.200785597939753,8.895639456086817,8.166253750395807,9.210323199574457,8.843289936100046,8.14671644049204,9.256274375920867,8.804050305795595,8.090538273059469,9.249030717780046,8.684206610513419,8.036200183147727,9.106508856517145,8.645208281020388,8.095470074241582,9.098771927462696,8.579907163734102,7.834789254903753,9.068327877292024,8.634668928582608,7.864726612285303,8.975192796360156,8.984073567586352,7.494793851970731,8.800236741132409,9.03053196051375,7.16472830946292,9.05926446395542,8.897748875048242,7.46933028049625,9.07393543111037,8.9229954497126,7.109635950004544,9.064384401998144,9.17588400078411,7.1315259069098165,8.973178248078113,9.067387645422784,7.184991900671629,8.996977887758236,8.798683321730762,7.656245417173562,9.01195608645583,8.455774948349022,8.063762917814588,9.061294127698362,8.661316424878287,7.8122498235686555,9.024656535008628,8.645598822513058,7.894369442104606,9.117238072567435,8.293100095478268,8.329036715067136,9.052137813867564,8.486865830252473,7.943577396248612,8.861280313208185,8.593647677226588,7.652083861157559,8.995118685580485,8.550583574590735,7.885573524910112,9.016456262344931,8.81265830000057,7.7035593372925915,9.041203527917695,8.527933723470513,7.899567007199618,8.926200328124217,8.65645923355605,8.283849657339072,8.403259080566285
porta_origem,9.521764922833935,9.44072765757472,9.247832782821867,8.966385298840834,8.840140360176767,8.937752586418892,8.844575025672642,8.648443332649682,8.76572452580344,8.632882759037306,8.501931218751329,8.825009774854948,8.50682331952286,8.442872024327396,8.711505759759389,8.499829870918191,8.29094023725192,8.564459737999993,8.567593433333146,8.403193304177007,8.552495059028274,8.487499452063252,8.492050541652286,8.503104285482308,8.359451007047582,8.512789600056081,8.442361296262469,8.135986050197495,8.610568038911994,8.132397042046843,7.880658850705465,8.129580595484132,7.94637346909849,8.148302976752717,8.192399509118973,7.595497174315795,7.984454210366397,7.849856735269049,7.442819983676512,7.7867399602468605,7.994322478001469,7.361032824318967,8.148816875822547,8.121104342203068,7.466775080494131,7.563881344361413,7.7902957491499665,8.844592000916723,7.514431637785045,8.702977601093691,8.866195758026741,7.794915786456526,8.45349089492662,8.947191461025541,8.294718472838358,7.800965788242969,8.409313910162686,7.894099899872982,8.061255512642775,9.098303940898493,7.053240089868665,8.792632576794547,8.642714388591822,8.213988788339229,8.861148275099302,9.37037783885107,7.693504944590495,8.817361037776857,9.51336730181206,7.004637585571734,9.625310977195666,9.58348480374757,7.81911770787464,9.325972833186649,9.536406745328033,9.208304988530912,9.819189817159902,9.781956255709131,8.487935839395506,9.399839104350574,9.52858816734977,7.73955651360284,9.040600484890527,8.907605878889576,7.601544335482043,9.109683374689572,9.181627806760094,7.141460959770237,9.44409370391796,9.384047818136901,7.27370939482029,8.932943718383639,8.63172349828522,8.076032079607286,8.705351486413315,8.703984000794838,8.465012612525983,9.033170451595526,8.869357888230315,8.590996301639322,8.841636363053537,8.914675154560578,8.708596656894409,8.763540320375531,8.841376136413887,8.883612351557653,8.875398308477267,8.987263018735863,8.783351163988439,8.763381074374989,8.957041041430204,9.341607988893145,9.034441304322103,9.30111091051833,9.134820821063883,9.137144750842426,9.243418326473623,8.971648874540131,9.089272707462792,9.122729087725613,9.275554796480538,8.531025675643901,9.307884700985268,10.382826189037877,9.831635062750511,9.820942621405813,10.001001260932236,8.943422005942509,9.118681351988712,9.199791102587337,8.729595037605556,9.18521168475742,9.11780691101821,8.78243883024863,9.138454459753367,9.028759723965713,9.052506497099994,9.209271623207227,9.248113131090278,9.113005382692725,9.255734784671974,9.075836469660404,9.16745577624699,9.239320528374225
porta_origem,9.042083870008756,9.542506363428961,9.66936307668158,9.608563699949674,9.546276831434323,9.52823212984728,9.678582030262817,9.444732625229165,10.040117397687881,9.958549442794748,9.641325219481669,9.670586325071175,9.543903909141086,8.884420115651832,8.288031865580278,8.069750896624294,8.305023120572782,8.615822533945684,8.5692351381763,8.539683229349821,8.470793384805235,8.372873319795524,8.422244323169835,8.314513124453782,8.390974727508603,8.336994409400324,8.350816291167373,8.306704269630476,8.396451192543255,8.245590630496013,8.284655567189814,8.429918576760214,8.399872378218271,8.240791509678958,8.548240409900089,8.535328501231337,7.948023713978692,8.587572614433537,8.525340121826959,7.87625953482263,8.515752912913067,8.48921185131782,7.356486618575885,8.355689707692571,8.27992246678569,7.2327757857112305,8.190668981378082,7.920518686682443,7.857618245728664,7.704193258600694,9.088126973243304,8.37627929997725,8.250710520390898,9.120641129105877,8.427779481477415,8.713880638537388,8.247579770025188,9.056998572807847,8.06645252281963,8.400256096236554,9.191138019951572,8.44547940428841,8.735418983178604,8.926553313330322,8.387441308755822,8.447354363563283,8.773787985138588,8.75734744337948,7.94756824645605,9.300112714415944,8.389211760390243,8.998442051270876,7.447502417356174,8.157773213349689,7.57067451274043,7.264815498236241,8.154661637819387,9.048661867396248,7.710744571159647,9.170747621041073,8.742755038424981,7.720125060639156,8.245912235358581,8.84668729143507,8.106102214402874,8.332240984835089,8.450159904661115,9.352837640859633,9.156028274773815,9.825736737065206,8.624610454702536,7.754205625149826,8.955850562590369,8.200562761177286,8.673949821329934,8.68101394048334,9.009589183606948,8.60748184735731,9.898093540016633,9.666714371788117,9.779881611229623,9.684035634449998,9.604113211421582,9.528395849187877,9.84800318453468,9.89281905818766,9.727189828212568,9.70060629533373,9.561990189318452,9.423420958994683,9.45168698401865,9.365788101788787,9.537830681822607,9.388601753160565,9.345100010444382,9.409940071694653,9.330969803502839,9.432015672712817,9.313712156986336,9.2677732729987,8.052121632534499,8.72971630669428,8.5848945906961,8.304009012915973,9.115078721833301,9.582913053981537,9.067457747674897,9.515397378199273,9.365343209372439,9.235997059578821,9.267054526253485,9.641706455204783,9.640451398263627,9.483977065021824,9.622239415844154,10.322673545611801,10.256769715714684,10.364681678148811,9.67719531584309,9.477039234340578,9.825895892446184,9.73230170808714,9.675176441856449,9.297366490070626
porta_origem,8.999949096529582,9.095082385973344,9.05609179997316,9.047538551693002,9.076759534500756,8.993780233891759,8.936177881930762,9.111028880465806,8.806962241501996,8.748615990847462,8.999649625637037,8.79424820238837,8.775411725128551,9.108258137423409,8.579324178617082,8.825310243000752,8.676532064211715,8.679511309057329,8.666464599524813,8.7728309301148,8.800331499059439,8.686278731963563,8.566555697103764,8.938425686671351,8.68659969038437,8.507292103501356,8.815476032192596,8.621468544547177,8.530911857190244,8.585023357666516,8.774484060475809,8.461749556867241,8.77147578211741,8.794530598256056,8.441943345823933,8.551690184512214,8.74415958455566,8.630492973546668,7.867106632073674,8.693587635943643,8.782561469154217,8.17591528900149,8.800180793221806,8.555602353484081,8.035959149793605,8.643602891091431,8.568493986409827,8.475447144128388,8.421329574180717,8.491072180548166,9.120817755667334,8.940693696643015,8.918788856309343,8.847829107440159,8.868200202713664,8.997490721212538,9.04795912274229,8.690851550184602,9.259341424385596,9.08089984901721,8.884279757671203,8.902095453455283,8.46701786757177,7.915824357642482,8.516437012039665,8.364126614185134,8.497181396051433,7.280310192256992,8.501558285405187,7.791918595263586,8.23024244028136,8.775937452456995,8.055333300365726,8.163870398741189,8.551794860131082,7.732846497044168,8.121842434828618,9.42944960219416,9.105318322768133,8.370580668901036,9.428620150157302,8.45332679701339,9.49562824370108,8.736870388726645,9.04779223611199,8.574377027736972,8.253379977911893,9.040741434839132,8.189079168478571,8.086041626874861,8.5358331004544,8.695438666589325,7.988502512981847,8.548300627760431,8.859856914473685,8.730883056288759,9.219819755022877,9.355658946857533,9.511814622021713,9.644203717095492,9.736776188571769,9.626899106328171,9.840816933707698,9.883875200736368,9.908090803852355,9.885424145287828,10.037955002430254,10.002941174068123,10.198884046944928,9.424168734062297,8.844086211701946,8.9143467905961,8.950549424319336,8.867536831658557,8.96691919412909,8.82299583393057,8.840786770481188,8.889319759949299,8.873580435480852,8.448394168610067,8.628323572500662,8.582041153952169,8.357043812501702,8.7131108352114,8.722659228028231,9.937351059651998,10.146094716804306,9.959363394021333,9.759961682898783,9.547546055468187,9.777098417703746,9.606948083442786,9.52718896311632,9.208404881447748,9.179916731735414,9.22772735416018,9.020327777190753,8.992346575051089,9.20848787217597,9.012865832430428,8.933326393172708,9.208137943277901,8.891020838759891,8.994567423191869
porta_origem,9.234199012965616,8.914489910193753,9.066569341495137,9.109430608424901,8.932379716744409,9.034034599742146,8.977374372139785,8.844910301756713,8.484820786628335,8.527412244418679,8.285139686961667,8.44424821074816,8.422600975368296,8.413643720511617,8.191892979156648,8.47658406840194,8.448749116400773,8.300012410066463,8.468726820307063,8.422034287276173,8.331208928639432,9.30639424949325,8.391337808181612,8.248262217602777,8.440527337432098,8.503920485901814,8.826271052617916,8.663864385162947,8.607154154203974,8.264056072701534,9.258420287116653,10.748942532131236,10.709705126867584,10.229953386434145,8.106955567583668,7.733130491655003,7.987162622563961,8.027192227264996,7.542952229021976,8.109402175702916,7.896332334146062,7.488252682327948,7.912170068830314,7.7141411544612595,7.592978099648852,7.8818715182829715,7.45769498049505,7.964805045319023,8.716408774079795,8.367519731978728,7.899931445138402,8.737440519269958,8.577333235384453,8.095626859371126,8.431706329262289,8.720698038944139,8.235085324088958,7.68716039795146,8.384071919961116,8.328530066704491,7.895172295335872,8.601652837555466,8.095049847890559,8.877931079153607,8.7028106972235,8.130546573732714,9.068069425297885,8.974730461289838,8.6391267676233,9.585733086878314,8.881467299757432,8.621676426505044,9.638542700657798,8.81133678919236,8.860848236050419,9.326019088232306,8.824239903076311,8.8422832100007,9.235577781976268,8.938744728002426,8.822534745012312,9.526220574529317,8.750160510257986,8.344139134836222,8.887916257605706,8.385872428094501,8.751656311460854,8.693498144301339,8.271732933117129,8.368737799470058,8.962914002258184,8.419037472299554,8.459881751072874,8.851401770595837,8.454553401912024,8.734476142151218,8.817262649892296,8.815391528606137,8.686105779639178,8.620726876458763,8.812070567623977,8.669376929981173,8.914570926508294,9.033134393302529,8.774640876878928,8.869941169947364,8.7240392402726,8.890830152260865,8.744214652322428,9.035800206501344,9.022165299223508,9.074954664743792,9.033847917521753,8.929738811581538,9.141063137246489,9.061811920428203,8.970157680191896,9.153764445647985,8.970214736478669,8.625038234138303,8.95538047591285,8.895167252157869,8.487819817675575,8.795379866609633,8.728364303875678,8.874372576936727,8.947725972119976,9.334446899106164,9.267765824748551,9.313045587028222,8.902614143201726,8.958489626242402,9.146318634955149,9.08731923617838,8.962651273882502,9.174171479522185,8.876599576526447,9.20816073390959,9.125755747049958,8.899348705743463,9.033897549735487,9.107876643244934,8.793036175557532,9.08040079189305
porta_origem,8.871271248842886,8.982646487389644,10.049344393176456,9.881592830561374,9.985176689963572,10.003477607519155,10.323078788106708,10.116027599674373,10.484092710822797,10.283425170053981,10.091639215670888,10.563444967598329,10.249759183864278,10.534769326096152,10.541730213811556,10.629321067434256,10.46170454449494,10.769573629477275,10.260867448739372,10.15835622069614,10.535764722244524,10.311934775021504,10.1642102352769,10.637992674411665,10.71385940456662,10.305640819069284,10.94163871035475,10.536033574552938,10.16391399629483,10.465945478159544,10.3300304558071,10.279375193857527,10.066481270361436,7.674764099337461,7.685535528577097,7.598191453577469,7.818569250088661,7.5182682170661925,7.395953250456652,7.332056431202212,7.5412753227546,7.360747581773841,7.346655286159307,7.139606994312373,7.2647221817672385,7.2095105470938865,7.183509789995742,7.398059714529786,7.218260990131114,7.18006595766234,7.476737168840858,7.368904073120774,7.441699972338582,7.182593894805533,7.362792114906218,7.182169688695161,7.371268174786946,7.382952508622104,7.326408208325222,7.380224577826102,7.41595443345144,7.1787022222817125,7.637211701029982,7.374828110214657,7.361495998250233,7.353102165085162,7.3015992611887715,7.417116410679414,7.530717392843147,7.239913007393439,7.508278795965639,7.693815444977171,7.584971659612278,7.523907810429858,7.4503603013605,7.379936226439475,7.201925382715736,7.339299386565946,7.380045926734648,7.320676901924598,7.511066392269209,7.411633273672179,7.379969316609257,7.338549673455839,7.398566713306959,7.468791277583549,7.31581982546533,7.172936429024492,7.3538850239306175,7.388297158668209,7.330382995841204,7.3912144013159855,7.476902338862627,7.771953089244341,7.836100303322703,7.928606689077718,8.272774969949282,8.397223824571844,9.140937339347737,8.879798587530662,8.933514552983898,8.864157375048382,9.020358674879363,8.765595196179436,8.912171754932883,8.580079480211014,8.52248915005976,8.922313985158555,8.567199255585273,8.954939964090062,9.090546403869858,9.060271993831488,8.923185808836195,9.058438519470592,8.990152258473591,8.971410523613374,8.980225026469887,8.965275966431454,8.907318432972,8.723532076791372,8.971114296918062,8.627038126681585,8.861899374382395,8.353620026310889,8.318450471333907,8.55412543787468,8.613697034010485,8.665020001445024,8.681286216809715,8.772078347170684,8.763032058852119,8.966526900535458,8.842775778598423,8.808052725901211,8.881464052434655,8.783261253708131,8.718411240138938,8.725298659154534,8.769176315843145,8.771802766672632,8.655280965701822,8.816700927392441,8.794003364279536,8.870993268526226
porta_origem,7.4278330640627495,7.165554637580695,7.6603853837238995,7.373700705526809,7.364894120056797,7.184701663908777,7.224991603744782,7.111680089193442,7.158847169910651,7.206332980565832,7.2451757779324675,7.334442880124509,7.241017839515191,7.137625204041579,7.220775513106372,7.279670002724832,7.233119647349633,7.322458539000385,7.149085032601682,7.2375743363908605,7.289155575393634,7.156440994767003,7.196704031955619,7.353043663358178,7.357497975072933,7.101975828648055,7.192646033144853,7.0627997356835435,7.186452297476741,7.146030722564367,7.319141278138018,7.109462142096776,7.060838877107281,6.9868331709619405,7.287399033186579,7.24857994652109,7.215686243835753,7.1394463088989655,7.1368240629269994,7.397840241775572,7.2871962561541554,7.201806880302796,7.2508511155933455,7.353002886553668,7.28281386938147,7.024732554961924,7.012626489162532,7.159509730586164,7.180054100323797,7.0326102194080855,7.165466079790073,7.039336531954888,7.100980210226919,7.121505441188039,8.705585811623134,7.275391109092465,7.320075664632175,7.076736709032844,7.453962209542147,7.375237389288912,7.130055431865561,7.26107992769596,7.365652694123713,7.128608276739532,7.146342397649412,7.1285274159095176,7.173331543784219,7.217238618798128,7.349206002208875,7.067197123855664,7.243617276135832,7.624137575887027,7.51017417405152,7.229558435835669,7.334200685532188,6.958254556474731,6.984546245967631,7.101117969253359,7.217163165649,7.067305370260548,7.099029837550808,6.979323489654,7.182410639062049,7.1187429998985525,7.165235296737323,7.0630472673821565,7.023495026366107,7.0834418034575535,7.060143269434589,7.224991836263598,7.2066657044622096,7.133416667068486,7.679661167082402,7.6199539779068575,7.104538949228744,7.355846583316263,7.545716402548338,7.583623006456129,7.6382143277779155,7.375266641489298,7.732169603306099,8.62083359854434,8.720972553131945,7.705632041613617,7.810547014185333,7.907185170057394,7.845233117833785,7.943435030030048,7.843896925712303,7.70840693779212,7.604910326588116,7.620277829047632,7.756002966944729,7.844529057993327,7.732334684975824,7.799834259133661,7.662991697668173,7.657491810143026,7.583882141829203,7.425479076891826,7.516795229780513,7.518562403933352,7.339523379281008,7.4711077669004915,7.5681994762448355,7.51193548560073,7.433533456828703,7.223914360894767,7.29090075147959,7.281388824252628,7.525287215092327,7.471108884241469,7.481512466066983,7.485787827230038,7.413396388458244,7.444292371785703,7.489964334146397,7.545197138259361,7.4312969460448866,7.4098981119846385,7.408840142786653,7.49226604581516,7.376703834509032,7.373879007402634
