ip_destino,5.9055950318037675,5.664300193904669,5.997973259583694,6.029706995123812,5.8189445978130125,6.081424850476584,5.925004554714037,5.860005829761121,5.618994380816869,5.4007581009594725,5.365154083974278,5.458791525661424,5.285100311703631,4.995374711415991,5.298276487899296,5.13584036263438,5.558380609264747,5.460945405752717,5.257449159818095,5.308628088244465,5.38176761388124,5.530867058290634,5.670437781246655,5.580453647086143,5.541025435028561,5.486740518412406,5.186161732305215,4.908981994065526,4.919712195310293,4.904138760982393,4.81825545707989,4.973173562568661,4.960634348024732,4.350458958733939,5.162604873331167,4.858994127290532,4.9580895715246935,4.526485354427816,4.0724077626792345,3.792986484329664,4.280400280933404,3.0559777329431967,3.586075763412345,4.51453638411359,4.182847402920287,3.3500621037824354,3.3464374472481424,4.3252349677460815,3.4440973178986245,3.9601463446523066,4.177926380586542,3.1168307961426662,3.9463840749669727,4.1270479076088895,3.9914904561808937,3.881561160517624,5.913891587537644,6.374971363302874,6.1646552183203935,6.157046281657054,4.787639060104215,5.494264515616004,5.702506120744312,5.025537749005549,5.992881034236037,5.8099282534044345,5.028265816287692,4.777702521795106,5.5751656348750345,4.3339537789532345,5.612914682039166,5.036173254141367,5.865698698115898,4.381379768511759,6.4161345827594,6.160685300308728,5.5334416436069045,6.645630918459406,4.5565676529521415,4.3609965075437485,6.176701146120009,6.348652164045593,5.687598488460458,6.17505176197159,5.591069749351262,4.601449218502941,6.218416719341162,4.715561548760185,4.81420609392702,4.947364110567757,5.603687468967581,4.775004810849837,5.978735931593691,5.738173308979558,5.521191070665816,6.242796201149707,5.600434226168228,5.38704777636588,5.7763523579857186,5.758727629892345,5.821907392499515,5.879072166814687,5.530756163600796,5.585240408388397,5.7050544178631375,5.632031433359076,5.3418278881870656,5.498653320444079,5.5477481824424055,5.537240214652598,5.794085524072113,5.287013673615546,5.085398435051839,5.732347167821505,5.520980490851548,5.616680255712259,5.954621618801892,5.837096766227306,5.753531065888633,5.771220118320415,5.510001099424497,5.187294009906106,5.520343976922133,5.841474456706956,5.347078092977679,5.49019092528204,5.890151832809724,5.842900030924679,5.76444748796026,6.003148954125824,5.9530731645392345,5.892441796611459,5.911894233510138,5.753409431145,5.630276411033088,5.634479549816669,5.588317833144948,5.704430372092861,5.681328730123173,5.526211914414742,6.087948678614203,6.051905208825562,5.9907908183106136,6.426951136527134
ip_destino,3.810026798056775,3.145404591280669,3.9203746122799545,4.0479444321131215,4.178572715088151,4.761927457449395,4.887307286980076,3.04808985353401,2.865868973060424,2.4661576137878902,2.8715847077843004,2.8608805264144714,2.724863850665469,2.8550089566573065,2.6995583702993,2.5731907019603693,2.1198186697104098,2.11830065354997,1.9789082125635424,2.314220663691216,4.128848997219418,3.2165385453279467,3.8648851693487853,3.842874554547509,4.1148285844572685,2.6712308294416904,3.4881417769987784,2.955045246761548,4.626071938138804,4.691971194839251,4.383203160481039,4.036771477218136,4.070144724802292,3.8084451536116712,4.501059644072547,4.536715102078129,4.710480788783615,4.374076536704958,4.206778614586448,3.6330713579442584,3.3250844715232653,3.9933153402129977,3.999835794448515,3.721917275097296,3.4899355598086625,4.015419245833659,3.3193810841543083,3.493088073104029,3.338883393847605,3.0304227946269098,3.8593631744322185,3.3931957782914592,3.4335497021196497,3.5752195929975263,3.6329985193375465,3.4136184092141164,3.756152752257025,3.559819024958533,3.622169239092515,4.745136438363568,4.941875059289663,3.5525191033376684,3.935242969608984,3.6574749057451497,3.504963886582324,3.495640423174072,3.638348805610272,3.1686552639490784,3.322979484931197,3.746221523301248,3.5591980046181084,3.8690205800739577,3.673704560189905,3.7938896556976265,4.031783031194726,3.9651638009824137,3.79617719872629,4.392599484003622,4.004231435916822,3.871575290467167,4.327940558013702,3.5832870622276767,3.415028321418094,3.4111116630456513,4.0326542941897365,3.733904386642629,3.803002566763195,3.6651403975610086,3.4183185589551903,3.544982685902851,3.693731850268429,3.2529097386098127,3.726902532875976,4.501911962495957,4.548491939939057,4.105195933424395,4.259083432285806,4.701151311362222,4.926037697048465,4.896482211714045,5.214323742509044,4.7081747391369975,4.2082889780200645,4.795073069105962,4.869539343211745,4.712387072363995,5.28593341637057,4.746375315366916,4.96888628854816,4.601036410161841,4.469336657732051,4.248840765178944,4.2349745172971645,4.1766003826893465,4.1519954746001435,4.435678439884923,4.165220618653389,3.88680671502043,4.0671094896811,4.3506195463724175,4.58580030339845,4.517357976754393,4.315110863195608,4.1361103095987515,4.444875826554866,4.054527067786188,3.6529330404822287,3.5591992121377336,3.72431426943928,3.626502184275333,3.393535480645149,3.875265881303084,3.4792193625762597,3.3394189091708726,3.613364577806079,4.062202649943696,4.222536803253032,3.941530755109048,3.5073362447049043,3.548976432504872,3.9223157735412313,3.2651596919188672,3.233683670299022,3.7853856248614735
ip_destino,2.707831321849956,2.9662496946904184,3.0345814399810696,2.891222071700036,2.6680651913475613,2.815013160384642,2.9222398221482626,2.7128300617192083,2.9276684357592795,2.621034788161781,3.195224486278092,3.1940529499679537,3.060365876614766,2.9278093179991584,3.085868599198352,2.943800903567636,2.6744460070541454,2.758732326497197,2.4494535142896603,2.9199808608493854,3.0127244033695084,2.9658971345065135,2.9890522347239767,3.2072846420083883,2.556528763032113,2.8119616360283146,2.738836607983284,2.7497381980473063,3.047140189932798,3.304441142289145,2.9874571218066204,2.9167163158026903,3.1122236213976757,2.884845771062864,2.6663398077754854,2.964641452997173,2.998520464274944,2.6666652255869137,3.1948363239051494,2.210584588383289,3.414632939941752,3.145119233907482,3.1824649811334744,2.9034375856572985,3.034082085494024,3.2219940070145934,2.4694782936654773,3.202187853211253,3.1299980011244415,3.359652772405188,3.9424436594098697,3.3365529850017768,3.996402935005399,3.9441861944422634,3.2656107690393776,4.0703125924336545,3.976456056621565,3.490204087021321,3.6599007848755902,2.9213897766546286,3.5054241379096687,3.2378339827393163,3.3895595818453086,4.01551109709425,3.1401829666812007,3.3570038197884577,3.440453820799272,3.1622583951481436,3.5106984871016818,2.9629606152081474,2.943442904021764,3.3520320694347725,4.602281318173358,4.7805422220766305,4.570519744280675,4.453471587457455,4.602127658810027,5.936550659992959,5.541952553334592,4.435046665090879,5.664999140741613,4.459088767434222,5.892395987022233,6.0455834815225336,4.577076159486554,5.9733883246027375,3.3988469771241148,2.3934714588698696,2.9238688781099884,2.5857446721611668,2.444876872624788,2.6568963778080548,2.683657627204424,2.2909534863277594,2.439277680998726,2.351968508300063,2.4570994836971045,2.484801050411331,2.9377381883331517,3.1944294237424775,2.1692627865380363,2.3182643653058292,2.545624427504026,2.177649355260134,2.7106716334602106,2.5484852943885343,2.7671801630318837,2.7718652330131244,3.4113375394338687,3.726902506875332,3.1382546522533508,2.8429740813321893,3.041815970254307,2.7166587906717448,2.942707810963335,2.902092057278312,3.0357961488514533,3.4434894327015986,4.6033636811990934,4.651382354168192,4.5883234460637645,4.62231745779634,4.680244454830464,4.594306350983421,4.525272130469464,4.571088528796671,3.3519050280446803,3.2552359892676885,3.0898329592391915,3.0825122049347917,2.6908640281477787,2.747867788367734,2.7675202481274543,2.4923719599507383,3.040481836029626,2.4514684485611213,2.217826727281562,2.7266145335972,2.4486340134202007,2.2918283444217926,2.932340989556607,2.5865593598210204,3.0451582121603136,2.850717861520324
ip_destino,5.920853589387014,5.769894764099164,6.039160429554897,5.972909781964494,5.906816692331346,5.7210002337332595,5.584685994918052,5.437665613313949,5.832244071658739,5.5152388161553665,5.627423802030576,5.596522246913309,5.554571728086171,5.567788718757142,5.4609598338153225,5.358875533913984,5.663227228583348,5.684393317698577,5.585078821253432,5.300222773335818,5.390621139597228,5.2242228274069005,5.4580691826448,5.658245032663568,5.807772559899014,6.3335043801053175,6.411247816399777,6.649400044677355,6.241332618804966,5.407297903646875,5.4998382014805545,5.3375272171501535,5.444397620518721,4.9022992998086385,5.356926272160005,5.2115574797166575,4.889221147308477,4.702710044707652,4.2240619784817035,3.707195795680916,3.7212944997552353,3.5875570152707565,3.5833409030963934,3.5654579519435097,3.5874801470088338,3.833494133131861,3.991931253204744,3.5630677980552137,4.8813253499533245,4.011966158647067,3.7297907566701993,4.553417865761261,4.3622356832183495,3.1108982803780694,4.4950621154372135,3.885542335873669,3.3313424409283696,4.333336696381192,4.4862255408396265,4.288208594965903,4.667525505147903,4.565295551061041,6.09609147318966,5.316176059540116,4.874331845361235,3.1511046098982094,4.571173756605466,3.2051801037010748,5.665473705247528,4.7461653426501345,4.65332894821058,3.6172863383093463,4.3589302529042016,4.583286532690408,3.516015111744452,4.637200379453446,4.642336108017174,3.605955689512452,4.483003727993959,5.098931614776281,5.190424511778634,5.338759472446107,6.178108387081847,5.675327124230609,5.6614573411516975,4.8800138806036015,3.8264761837621535,4.6090154732521995,4.609571311607661,6.300099989801316,5.692591257599388,8.294062583472611,7.19590903885454,5.601455298876909,4.439540109595287,3.474510648807537,5.295051992849968,6.087673435450429,6.185461269482515,6.217915986791152,6.223725904573955,5.917443731686021,5.997170773311987,5.8775227180669205,5.9323140109489225,6.0118427834144725,6.0442343065763975,5.9271074567637525,5.794915460533134,5.813450045422232,5.790662789033817,5.07983098295934,5.244294485259964,5.1835991158985495,5.3572592099414065,5.3832917768117845,5.647194429026875,5.2700261409693585,5.018821462880057,5.444435672553794,5.840950175785704,6.378765284453762,6.27500455810163,6.091631824953469,5.527121922808509,5.287446315158164,5.431136514547259,5.751358421196972,5.6807275299389675,5.929378747155195,6.191645276701273,6.0095912950039025,6.047608050530242,5.953152607366882,5.853710054679378,5.85478169861178,5.785720358249642,6.497748483564282,5.719287943645705,6.620414844099477,6.677049701457852,6.59207536915152,6.286749968465747,5.91997757054228
ip_destino,5.817861869021982,5.831079523636602,5.704569666011954,5.898860727058282,5.442849492090603,5.401421993295226,5.569040807629875,5.506676869801882,5.575899072280748,5.416585583330722,5.617777072369845,5.483719542527927,5.532543495371707,5.145747855875631,5.107461025761999,4.9016561959187035,5.352816270844719,5.4690622552977155,5.229900809389593,5.438500922821459,5.508685872753352,5.313588498698414,4.86947508620002,4.354600711625854,5.046239427531426,5.393042475306372,5.561387666631171,5.537222749729903,5.441308541557719,5.314529774501395,5.080410446681632,5.095283117174792,5.063710753925758,5.014087541906085,5.282455000806866,5.172756526750374,5.064442545748128,4.83465193709828,4.842466226483503,4.597248474760548,4.839246246235722,4.0299174859828994,4.061284532943182,3.9667143659393687,4.362311545312875,3.763281803950856,3.975458359150711,4.287434940402713,4.477036042952196,4.072801474663633,4.170462139044308,5.156108256343007,4.990106545212957,3.659379438280195,4.72734102898087,3.702301627873928,4.719671826344587,4.792619213143307,6.153950562009075,5.636183185628862,4.798137742907011,3.888624816518879,4.7380171283389165,4.551009595679021,4.057886062784362,5.053542151954052,5.197888942260502,3.865855961140205,5.0897591558737245,4.543337258274532,3.933160324148695,4.481429453158967,4.7679182967695315,4.2615254582159485,5.051078965171121,4.8165854775985375,4.191903773723437,5.042677406369422,4.868619522837308,3.6963224616066683,4.642605079155337,6.290710657967428,4.883978644090329,4.716103641500647,4.572381300519141,4.100421821245207,4.738600970425062,4.51390620657704,3.8937170829853796,5.729218602417475,4.940079039222427,5.0229043777957925,4.711344191979096,4.847431580865421,4.654228807079331,5.234189789706705,5.4255274872511725,5.4955472345739365,5.81221734897053,5.728171114298803,5.6979366822403525,5.685902945347762,5.7416366506211,5.943097084080777,5.480166625173443,5.526322805474941,6.041497054904525,5.829304287563758,6.096715207424334,5.869985862859522,5.786227295467445,6.0050517238756775,5.941469318797737,5.837009070977473,5.786485136054743,5.647174414481027,5.414195731954036,5.515181504064062,5.863294995161258,5.611115271192714,5.153818125621255,5.113254053415568,4.902113444862136,5.219501257955876,5.441949424206517,5.058833455177859,5.499695105596298,5.262003685472708,5.087159205739017,5.775190635794237,5.6491213412462375,5.851437876023412,5.778336623201192,5.770680494056742,5.745764984106477,5.7829984918957615,5.695190295208508,5.6716814101776585,5.905022750100144,5.643113794847541,5.7359569000061885,5.556146695291978,5.586290715665778,5.633275386575336
ip_destino,6.038397838813165,5.8381937570021885,5.852991437560438,5.820320699268044,5.795503466405772,5.8584933873549225,5.8162741307803865,5.792527657125938,5.7024919111483445,5.60784783680942,6.0923393679858515,5.714096168035572,5.568371928092125,5.367180543487224,5.451494936309134,5.319671316384044,5.514784570828234,5.447071325520273,5.521938130122961,5.392843221773255,5.599341254123597,5.490219967588157,5.613415302309427,5.861479077686387,5.660621275714668,5.320248201170228,5.399500043707124,5.6270751224246105,5.499991782813972,5.358565800455072,5.456917385838951,5.171039778982727,5.174001225687468,4.843005104198968,4.650939125104742,5.115306410928488,5.140725304145649,5.081225682523796,5.653947360699961,5.061414100210492,4.897335960659621,4.539715441028095,4.457925965777917,4.3637464457998725,4.378702162166928,4.10773140912278,4.078184273402474,4.23825219867382,4.166151988376112,4.0091738556538274,4.304499242831625,4.134061778057715,4.16100546174693,4.270870343005075,4.13578488764245,4.373490691254544,4.85067028263693,3.9647907170518066,5.062067631019203,4.758107334262442,4.290657175182094,4.9727390397673705,4.942496701673981,4.922425875470977,6.5120667615511225,5.203591859942759,4.106691285530842,4.8427213942500265,4.855730454689438,4.555608963055057,4.0486382722090735,4.769126996971523,5.8615363499285875,3.920443492133012,5.612664251823795,4.6000591508856425,4.639142635135559,5.705332481853242,4.939931017622323,4.825110987536385,6.188571139965764,6.651836613604865,3.963014430035969,4.699424764823575,4.863801397841676,5.012906330032932,4.930696224836499,4.9120220858316,4.719762473109677,4.229734283633341,4.6419539707203565,4.729505888549069,5.263647416680464,4.924215886325801,3.9782485317528096,4.279950166551792,4.876989238418986,5.606612053579641,5.944766125827893,5.7553699430792555,5.898595753367898,5.8821850359355645,5.885250124201755,5.82585175031827,5.757913697759768,5.635574330130702,5.566591465790613,5.6336559441590355,5.751537144667645,5.623632884074185,5.8051547699760615,5.519908017698648,5.526014653601323,5.283483442639431,5.1789033756275655,5.344695647840339,5.8548675086722985,5.9195186588364965,5.529623029878491,5.450057050066802,5.9555396347560725,5.55235133651641,5.5198908251895045,5.561131598716977,5.337493245535157,5.630311971809665,5.942304192449872,5.840257625991545,4.706078300276345,6.144472444081839,5.917941450646085,6.034263030841155,5.879749236628312,5.8808783353024054,6.204444295555697,5.986846799994511,5.8103864027030765,5.695784582427473,5.712692502351588,5.794615149021818,5.835939393075094,5.759548836410514,5.6680951637054005,5.975468373467902
ip_destino,5.890010925615902,5.809160294320863,5.8741907556946265,5.900960620242559,5.7846753291172615,5.8382251721516685,5.813101404379832,5.6973423569604105,5.987372283982107,6.052376220914319,6.3068646169501035,6.123610120690733,5.858556250596876,5.1576214258347575,5.2983347518473005,5.572925239338627,5.370767787548099,5.220127887050211,5.160727310441081,5.3561539244490906,5.289250515904409,5.1983350224324765,5.465454015362278,5.506834581309287,5.5789439333085005,5.340920944032844,5.407681089531331,5.602600632967809,5.782455427820157,5.4282527508372285,5.4977654140719725,5.16480581678421,5.474393735133113,5.449180317715741,4.964241930777597,4.7474873940460585,4.92325498118282,4.942905063322356,4.764349996859604,4.817615525527857,5.063922419654712,4.082613247187105,4.1697310930366855,4.100047529948257,4.242224045257105,3.628922381639789,3.8783378456574904,4.60061408616696,4.32265469695123,5.005772272887715,5.2159108678181685,3.723056852343302,4.215853321834817,4.270938257606818,4.075924239796539,4.1170963818790405,4.352241300757728,3.9443747002491816,5.666799862010618,4.280421808454469,4.407877844028136,5.012583756402402,6.583102649307515,7.573824999660887,5.317505602119639,4.858819001645588,4.677940513330652,4.618670439289302,2.3193248157659516,4.639736011360834,4.481314856781383,4.569837815796987,5.731391769593213,4.2937027746405825,5.160550000284332,5.285464496971931,4.660269930792485,5.022304374463211,4.836230957828773,4.4541300281125125,4.710787537050076,4.674260292421037,4.772289852212605,4.670626201259125,4.581193615666611,4.340172370536536,4.661706563004238,4.5076898235322265,4.332105663181582,4.056439145032429,3.6055419464702485,3.2699833996174985,4.574729880543512,4.989908773465873,4.650613171299538,4.7262668870944955,5.278131846450151,5.634600836812916,5.744444998015656,6.008268533000558,5.832493282433809,5.659220835654036,5.5798604952692,5.2235744494545875,5.512812356465466,6.047431097836933,6.122645618413067,5.916366162212013,6.0939176512176845,4.633977013659284,4.927488646456673,4.711367781376112,4.546910648872534,4.759090056186516,5.386855937347199,5.59083473126917,5.591550334663097,5.415930241237751,5.139815409557076,5.279027468946324,5.168130141097005,4.955610079793308,5.066195812694045,5.430096705849579,5.3888502876357744,5.302041235928506,5.492475961299384,5.740506695666517,5.496783253788358,5.6297424865029,5.6455246316226795,5.666565390321282,5.6147134246425745,5.684178509503526,5.796672913154668,5.440544580633564,5.539804742679482,5.526026354262197,5.6892929765987335,5.55769371456571,5.518272269403635,5.553308532400839,5.6369555585401985,6.00913903800741
ip_destino,5.698237872263952,5.834431580113916,5.751939944943877,5.939825413430473,5.992437388341269,5.728661735232038,5.983582140650338,5.665342928076965,5.683531388486853,5.281748016635927,5.638546683593303,5.943036754348699,5.24964816276629,5.3319630508877625,5.350394581429512,5.4818511915549335,5.8574524695926655,5.6088056232374655,5.495750130125631,5.448515617884841,5.542026680337345,5.4782456522367795,5.608938303270209,5.463462047823116,5.380260069835588,5.625048123969138,5.153012625736545,5.3922564345385515,5.098423760632139,5.137218200134273,4.991986867579264,5.194133744293669,5.007335381083083,4.882559854151605,5.061657928764985,5.391371932197046,5.101039592575659,5.014355385284871,5.1190921418370925,5.1906146728866345,4.988612889783153,5.190294621032406,4.924300878041751,4.643415898316129,4.570754145427881,4.680418808895697,4.98914656583764,4.269323079776855,3.931625685694742,3.7800950734810086,3.608333077122304,3.7573268606529937,3.775895011907677,4.466972718528054,4.248449759093118,4.088060995458302,4.281727446799176,4.0412436937879175,5.648180998241603,4.558448047997924,4.329732909834852,4.005558084135824,3.83619325664026,3.8818388811077176,3.610315302232706,3.7603153091678387,4.05500424787124,3.940165444715277,3.7292718845343575,3.649147932905948,3.758016084837745,4.559862033094187,5.254832702698116,4.438857672144069,4.305809464374862,5.317456259986511,4.636581449938978,5.493033309376298,5.5290695909807335,4.4907636406559455,4.917593378831263,5.114736764787791,4.132946931088604,5.337955691899865,5.298804899317728,4.006994993453595,5.191404549565625,3.852839279632591,4.568037282703293,4.00427418809924,5.4184690931028525,4.7575214231165575,4.607792296212392,4.770146169587021,5.053501875637138,5.123881195925362,5.193503707123476,5.42701775834538,4.379733624922577,5.270039635940377,4.824506465734413,5.428122061749262,5.488202262335761,5.446151799994569,5.353495058388244,5.3670352188270405,5.372117354911288,5.908744346899862,5.614510964852542,5.753805534042638,5.697074028138801,5.768173112033992,5.896014011839188,5.7985898301206795,5.963259954012086,5.951807307885011,5.984014675040188,5.96866140642175,5.765848361679215,5.604630335768518,5.841629132170591,5.553466292802097,5.402623680321018,5.909484316143613,5.59726279522851,5.745737446269024,5.867527094611196,6.032007276018287,5.803646655038344,5.997361305315455,5.84676688887542,5.944940780650548,5.99839300166594,5.794475521581043,5.97451854920499,5.827293840302187,5.7448945609618125,5.706583798906834,5.772821597782144,5.264579254518057,5.913128035163389,5.93698519544315,5.648960834058852,5.841072569731558
ip_destino,5.036910621696769,4.589818696555491,4.7296997932015845,4.68513127647085,4.852428672108669,4.8423437842481665,4.914978857638149,4.782204811613277,4.704050287039181,4.974161268676926,4.6471832193838445,6.154747135170335,4.98933450191693,4.637376782791648,4.694503783462566,4.0302739507599625,4.136999814014066,3.4430148435020995,4.215874694341058,3.6260775259267204,3.8109444325589057,3.6802228834203055,3.9909791993600177,3.8100710260070567,4.150523079197165,4.874249154207389,3.4929450807199696,3.895182658226284,3.759408306154186,3.853893400086924,3.607235507520624,3.958073274584444,3.585543693291733,3.37677714076447,3.671878532845636,3.7394118066808812,3.5870282882829785,3.178002133187527,3.2717309382972006,3.1392088286276114,3.561579105374589,3.5212804567495146,3.5452528778372305,3.3344332296278663,3.3089819020614053,3.3910707687248904,3.449021532710141,4.378589474139772,4.704911056190424,4.273805459561484,3.320540042516123,4.059195132994565,4.8084376430682605,4.361493003659181,4.825281539929448,4.682049745718454,4.6058009112578295,5.159822029186082,5.297796479406143,6.968077302880847,5.130742090796017,5.6584708888333095,5.717920860090238,5.183219763800613,5.732162011370495,5.775403435122337,4.93082559505164,5.567220948645089,4.671471141986883,4.646472026619971,4.811477437142167,4.804430371671676,5.0723400572258415,5.920972130717895,4.9297545138012735,4.738664001011543,4.686359386987191,5.777719726045171,5.56224911853067,5.138140431198504,4.833274047664814,4.863270200821578,4.917345109734203,4.983241382384102,4.8323071214165845,4.743562738196911,4.588726369409635,3.947059774529936,3.67483671467644,4.661746709535804,4.240921939119471,3.8485116672403037,3.869271067321293,4.539981030739263,4.87831627675591,5.3231811954065975,5.11074507585962,5.317154233919745,5.438634053922971,5.1261804827416935,5.11714900443417,5.509375078866851,5.197761412693593,5.264910276423285,5.320978966558223,5.386250666024685,5.249955888963953,5.952078609908078,5.2202501244421935,4.94666731175496,5.095867137064327,4.54661731964642,4.640198488939076,5.087066095412161,5.033149013842332,5.003661186000414,4.8610760864357685,4.874481268555726,4.524767117865298,4.60280569461959,4.337180944071233,5.050489707968665,3.725510994955648,4.414987054929993,3.7875020185739534,4.0243467997603055,4.532364924710441,4.893833497927202,5.008301836975755,4.807255184338857,4.598569049531311,5.006794958643262,4.949687692188831,5.0780060120202535,4.484439676269857,4.536300869797594,4.39653748073081,4.450076192252834,4.961444480173301,5.021388896412248,4.750083157056755,4.633401528910173,5.006389747300203,5.044119064504923
ip_destino,4.37918295629394,4.314941911405623,4.545997148622122,4.6422577247791885,4.6625851876474815,4.887557580094152,4.7259851050176565,4.523911227459856,4.556870270088348,4.552385484948718,4.5869374228684485,4.772253083052129,6.5606682393098446,4.3578418799415495,4.454751079388672,4.516229463918901,4.565096738728982,4.732072774605216,4.5299527927110415,4.426107236689559,3.8432871288812565,4.128122703390785,4.0619586667933305,4.088519775660629,4.0154674641311,3.6047997266683054,4.665118122463249,3.7166511712280963,3.776250496993943,3.8421352011834937,3.654192327167391,3.4671149483298067,3.6459374041353736,3.8746158045298498,3.8741430400253485,3.980720076980831,4.076570693501438,3.735904863893641,3.681515456199816,3.679815780519477,3.6211543384882385,3.7163469813489516,3.4823161625588064,3.264448389406764,3.373904515586226,3.363619337791952,3.482010021517804,3.7455507957428127,3.406501523776378,3.1598033663007747,3.1836010006032383,3.2866474557287697,3.2658838558853467,4.1511836339870145,3.8952334731006286,4.043339731966822,3.8894020566506806,3.7004853596877236,4.1002879984666984,5.59617698870882,3.954196147793476,4.049595718694945,3.5926422224670658,3.4017773039048205,3.9095738395119657,3.5256911016341017,3.5813974508813105,3.562724973708405,3.2009765872804397,3.670276556257343,4.1218446956393695,4.2498676213468185,4.034469019304393,4.7883023575855885,3.8128176567134044,3.465559990884853,3.4980603788807527,4.384907784581961,4.248440588355619,3.47168175000706,3.2622033950743443,3.2906920885086537,3.8944855504364617,3.659995729639512,3.713164860291539,3.695191479456784,3.4945959606124615,3.8417465996247526,4.268216246912473,4.2595541944371424,4.5917599450227335,4.510715710309753,4.3064211433505335,4.154307952867309,4.3337923378559555,5.018162974299809,4.533863541865778,4.181165359547888,4.4674351140463235,4.474100670838724,4.1789164856975844,4.555136164949525,4.403060041260644,4.5151726729613255,4.20503087481823,4.310985891920737,4.901499755515422,4.794518874447392,6.541160141767074,4.282158949595084,4.83679595788131,4.890415487020481,4.534284209944103,4.685056104662729,4.8297470125827555,4.508676142323729,4.557633294645133,4.386738204335534,4.607207162326478,4.738648206378137,4.916724160809197,4.920071163809949,5.34874653758809,4.45176611239327,4.5380153249620125,4.4768316341681365,4.510595362311016,4.451995064673295,4.788029901633816,4.477785203045158,4.40727431975002,4.49964689214221,4.401112229780315,4.334268793678488,4.343451605334326,4.3111780198217655,4.523871117533831,4.459712687404206,4.589455442113407,4.387724516745399,4.2047921028972075,4.519715989429279,4.5087910124981905,4.6299108407516085
ip_destino,6.436061103328968,6.65392442295533,6.370511245286644,6.462408122524727,5.662341115769911,5.710307260904076,5.73771400869861,5.6271927061220195,5.465341727764122,5.477135278581478,5.364203395654623,5.200769578443769,5.639102166970337,5.290935820323777,5.269157790707162,5.263241207990071,5.332152434857092,5.603483147192424,5.498407018281172,5.446400338618333,5.429552942867344,5.49588298914995,5.494964262078131,5.3702388172451245,5.332408125638579,5.425503543081942,5.514133347110901,5.427057145379552,5.492573357625852,5.364837501810912,5.3139277262018,5.157719426313268,5.310730639400295,5.130509286339636,5.139084219263674,5.013904645875849,5.0179672707108125,4.203698716973968,4.378364716943813,4.415220676520118,4.802307838362711,4.6483243576302495,4.105011840638383,3.8487026900911783,4.013015991858032,5.684254836057413,4.397422277396909,4.597837721011381,4.870453458090544,4.4322956329408845,4.036938113124192,5.019188287237593,4.646338183547202,4.159546040099121,4.987825590428177,4.557140878215239,4.240644968003874,4.814408683775871,4.5505668241700485,4.96161578837813,6.278998743741247,6.1840037938430585,5.050179520260032,6.2423469430026906,6.3823851046994475,5.334817250967387,5.888079238140295,5.971801696897101,3.4980347265689065,5.300866807732828,5.0885287084035316,5.972697679678688,6.552146583197246,4.497843519248409,7.383874648978914,6.268649120901518,5.885052648550695,5.748546322990488,6.293662494017508,8.574968470714692,7.4817330548296015,7.787569952805116,6.932453677721322,4.9679451617356865,5.531669332593845,6.3922134514309015,4.597815959369268,6.32459776529066,6.459282759912052,4.663715662271366,6.3371436915327415,6.073184739968121,5.315250757727546,6.9046369738755615,6.321761362434633,5.495892313970118,6.251318246148129,6.1770112140391085,5.599105661583206,5.992886476791872,5.878397158620312,5.754559415871315,5.955846746028983,5.8491585540030435,5.816526192872863,5.698551637163763,5.795752473438385,5.682409875127793,6.080730783460862,5.932431286977037,5.799180270224963,5.9623407201972975,6.098558638344156,6.073661236533137,5.958668319597581,6.02774749158675,5.968607550001059,6.0818338836940935,5.9070048796830905,5.537487969735173,5.3442391353064975,5.189693819690134,5.228739241530651,5.212162540830743,5.261070663492808,5.409318762564023,5.923045526542045,6.827639118441608,6.658732792680749,6.8311427147763535,6.506749647304256,6.549661922678091,6.413020557601948,6.791059610280277,6.589276958660921,6.613401492081679,6.831994509384817,6.518390222985933,6.801821024404164,6.6565211401248,6.712537065153812,6.55844649218767,6.570954654875204,6.530699069561982
ip_destino,5.809571771483724,4.959179939843653,5.304263313039887,5.072544220226415,4.966681501741743,5.098698245662222,5.234199405203414,5.063606556907153,5.853412320851567,5.828634724590732,5.5511935608257135,5.7637473970414295,5.574377705140598,5.6962005602612065,5.561019773230763,5.357090773475714,5.444995872668786,5.22991675374012,4.626161070045062,4.557777531356492,4.801304784561323,5.389603533149535,5.420989129027038,5.765496354193911,5.317890463025472,4.0856571910395205,4.313646184156873,5.646019079398156,5.715909141217492,5.3656145940737785,5.5996690757469025,5.449145057409151,4.809288670005139,5.072714950563994,4.906228032209823,5.093865608966509,5.084878208341664,4.9047318926956205,4.845089164526815,4.664786230354643,4.705327298018866,3.870121780722265,4.376521441813825,4.3151629657358646,3.7522255974810537,4.419910354046233,4.2718040998239335,5.0829288149156335,4.778016678564795,3.8791043950738167,4.103317501724681,4.186497674431282,5.088606913762733,5.728490818407438,5.522402331199162,5.092695352594421,5.322209838753752,4.97256972313518,4.562618847463477,5.417808707581369,5.724978836770512,6.177263969810887,4.895544022066543,4.791206412273413,3.8491633041341347,4.607160150165502,4.9017599268253935,4.6955406894397385,4.688470100113159,5.744447170270204,4.789109878691659,5.4198869833304,6.2061639589094915,5.074403287545822,5.340524582769484,6.1223354584557725,5.793752348644012,4.298699931304701,5.519047820791958,5.3398938739295945,4.416440538356559,5.496840787499046,4.26743989931447,4.352036823273749,5.7874969001064605,4.919494311221493,5.142644943233519,5.643723667030609,5.004061268024449,5.434106484306162,5.917586228994657,5.1132080876808494,5.5904326368978285,5.621872728504598,5.40565232759355,5.8510798994622,5.593840791234967,5.473596517471192,5.606615301622459,5.726839123843898,6.064228131816082,5.969523433410719,5.989556193174764,5.953327559209659,5.825687805737894,5.695613232856503,5.493801298815947,6.088508494851438,6.056578226742131,6.103712220098514,5.749976931536784,5.5193086743038,5.485826257789371,5.871711826337777,5.8029448444553395,6.178516190910102,5.828786564703572,5.985953382498916,5.9332756195725445,5.676742235901005,5.724366102059983,5.823854251037082,5.801749284829843,6.249893634975566,6.09258711681913,5.882032182171495,6.166894002240716,6.241306872157992,6.014730613160795,6.017843097121545,5.791404209488839,5.879808779583988,5.947361823191211,6.004566629436562,5.936893925535682,5.990937154060893,5.956765665177863,5.893644267725969,5.986609463038339,5.9627458946082825,6.0781218779403625,6.036874473377652,5.924474154606331,6.065091393206204
ip_destino,6.380783082911467,6.337955878438363,6.445292624008732,6.4067590293022505,6.367502660128165,6.250769518557986,6.2285028751314435,5.890230500758897,6.581782711916269,6.414765063440963,6.444645907342851,5.486441687848438,5.634826745446638,5.4640150779172245,5.840452758902424,5.4608729379264895,5.116443708818401,5.522688645229371,5.525288814482188,5.237081962616792,5.548173429054611,5.514053205117269,5.1576253372556,5.393925626020089,5.745944309791317,5.449688047457385,5.504101783345608,5.874307699556613,5.230250383714297,5.540598172397113,5.667552375647517,5.63697870456062,5.734748588912951,5.3577080504093315,4.874419755335503,5.209152381366903,5.23593809581367,4.5649101491157325,4.942600419844972,4.734175191236641,4.032991666741287,4.912768514231121,4.906991128560335,4.274434358348475,3.705506279672032,4.5622184809532484,4.591543667595954,4.09322550254081,5.3006898918590055,4.863741091309705,4.025798457893587,5.2032346331667965,3.5052655980714857,5.348805317856005,5.11710698019471,4.098923299019531,5.33235951738664,4.836296400129278,4.545367745339344,5.430388130252114,4.5462383219929245,6.846777312134551,4.522918666961097,5.144638224779343,4.225536493575813,4.697111999824175,5.070068494331939,4.403346499353847,4.606985461432723,4.2709242997492165,4.674197139368849,5.299092943803177,4.754624020202768,4.421242256352484,4.985559337649142,6.581599004976722,4.705829719169032,6.580765136458425,5.394972389816525,5.741423017579451,6.5627585694698505,5.1057459805961365,6.243852378766265,6.436855560213883,5.6117467762519215,5.477775456803245,6.3052119850877055,4.6040660147246735,7.58997974654603,7.432993506390806,6.815372359603982,6.3493983681460895,6.4573111750094006,5.672302674528012,4.017151498900397,4.12232270811679,4.307792378120689,4.703462697766237,5.0683067727387145,5.384808885262968,5.27295576148336,5.721307356567365,6.059319861185077,5.994905641652914,6.166683277767175,5.793780955965636,5.934111887964883,5.917281969552426,5.72189284476738,5.879879530870761,5.929446139839729,5.836124585483673,5.877239335991554,5.8591063244282475,5.741243247635093,5.4422501159534695,5.078074305362558,4.898015613471187,4.660689464708591,4.820912702905387,5.199360519487227,4.765646618432405,5.012396997897072,6.195667475496077,5.349153056351277,5.532184824730882,5.908780945864342,5.815795785895888,5.838617793054903,5.839640705031292,5.8088569816808056,5.74005197668114,5.740188576678734,5.522284189433485,5.7044850906856475,5.81542972197789,6.362450656308974,6.755049731504261,6.603993601668563,6.367515521883012,6.320888731343192,6.435662216005553,6.318398108075862,6.570730157345469
ip_destino,5.760108392487862,5.807491390583709,5.857622236089291,5.783820352645623,5.755135852305646,5.799833958462153,5.696173833933876,5.438241114417266,5.486862179599284,5.491180330868375,5.326850566373183,5.51260943543731,5.6072266513722715,5.434402978702053,5.7830666539643945,5.405976522935263,5.274493189395962,5.531553378871318,5.385357250642446,5.240217869292944,5.4599912704710825,5.580814373997272,5.551816083457455,5.516289676698912,5.418735818781032,5.652472262979318,5.568037547923844,5.608516916562982,5.668438320893529,5.429657435002039,5.4497730385166285,5.287226074012109,5.202188348391003,5.227276634140361,5.29881386074992,4.796618006353273,4.849043119521461,4.619982814524689,4.6886918392079835,4.48001264550745,4.3497627579864035,3.589211553237223,3.642644286616976,3.5034406315603057,3.5634214816344825,4.585241806321895,3.872592760820287,6.255689973797749,4.982706562224196,4.518808687784206,4.60184285310225,5.273636743229131,4.682003995126174,4.519227775451039,5.533921636226778,4.993313402754504,4.89425274589918,5.351578503055041,4.588593966771162,4.873370701463501,5.472468122215059,4.6718187887161156,5.9502096757681215,5.40097014541928,4.7534961315141775,4.884682458091574,5.40044356462357,3.713509431768207,5.164142911113738,4.937322982896731,4.23817917158268,5.158534043889737,5.702037965118013,3.5625345039593017,5.305546644227919,5.2931050642023685,4.529786974988838,5.5936997055059505,4.87505425282834,4.590215538430407,5.599371662811245,4.833569036599465,4.683371719916296,5.401708589902119,5.355394106508321,4.948258870974187,5.732995041752438,5.1220135182877735,4.828860632088409,5.995654208376522,5.2825322068561125,5.211630266960818,5.8126149608747975,5.242289305822744,5.817802977754048,5.804077943838905,5.8624444639685365,5.985773547405661,5.826363940092107,5.969699526566783,5.964790494284822,5.7212915510069005,5.9889246054688465,6.015477254154506,5.7304491058345,5.849190962516878,5.765245920285198,5.577173479536502,5.85635960039201,5.842711971924058,5.932272880597853,5.475538430932423,5.463819652783923,5.387639410706775,5.515617122196157,5.3072318628861845,5.119275582772506,5.378252845827715,4.8475419488870175,5.0996145123203585,5.454019123806069,5.170927679713716,5.093246754032492,5.332765988644977,5.5193865542359175,5.698068722294243,5.983608208849162,5.754053850295433,5.923989036663,5.8884437610460125,6.014348895418363,5.989628421767242,5.968303131317282,5.853583713199009,5.769748379850677,5.820492737914022,5.666597896767168,5.706771830110678,5.8226570560367445,5.853664464954988,5.763106987290896,5.8230712177236335,5.834289049182883,5.938350599458282
ip_destino,6.024793860566268,5.8070237230367505,5.9382781255746355,5.8233810375709245,5.698923092267159,5.914805570518098,6.054359987655571,5.640578543555218,5.606562160131617,5.653351000868932,5.0175779211554845,5.6020446352243685,5.668920467713492,5.1679847052156695,5.302683378260267,5.42431354004249,5.4481129859727035,5.748516092168031,5.839939261520259,5.484691508433246,5.7137993140191945,5.500200452818358,5.249978853210012,5.576668808349699,5.79267777446859,5.622024592217414,5.65850468293376,5.300857101925463,5.485722361001863,5.5990958343674215,5.575299474882567,5.614723139078575,5.277560315860579,4.698588364612537,5.330129981236023,5.199362150894467,5.123158769550726,5.220991045290333,4.880881184589813,4.447801309380856,4.973252793292907,5.040145084711706,4.725293503931705,4.833043585833488,4.978856670183799,4.7667289895563325,4.786893508631623,4.972509503450632,5.503039166259701,5.391020075500085,4.950530315842103,5.672567074073537,4.455936435200017,4.859234256199271,5.58259936923992,4.079678897024915,5.907542378705279,5.576350232593043,4.870873515375497,5.0840317119132425,5.631894332563668,5.1129715899383035,6.068234155178727,5.774173361518928,4.617013956206992,4.746347407445991,5.0696869532320425,5.008714579901605,4.803064409475659,5.521477224755733,5.249401042019321,5.594899152409584,6.511476161304271,5.224391864401358,5.409872450876435,6.305375863722733,7.053459309458262,5.364411735668983,6.44633092849529,5.200292592710966,5.479336456969934,6.347041393436542,5.399453937520784,5.944766658650829,6.356753373419443,5.480412534287527,5.79818293926947,6.199399763513331,5.339594872516189,5.801942326630317,5.7406061202772936,6.142057805343188,5.625855550410946,6.323223305336553,5.954647543096446,5.923940197986647,5.862824041516624,6.340557091679537,6.075047260499188,6.0243180978697835,5.922553179436706,5.829273358207269,5.922829957223423,5.782779643083828,5.938749305735907,5.787206279666543,5.944128279169824,5.784556926414095,5.680838917771883,5.929707062773643,5.965446345615457,5.621925766029731,5.361107543325582,5.0842114750775655,4.674368957510792,5.100390843554344,4.9637755905962475,5.197161021193597,5.786176787256378,6.185800377092824,5.525692225146064,5.7294918463799105,5.859338668029982,5.7143431580503945,6.389758712254294,5.6386174553368305,5.766912715183636,5.903198727826792,5.765911754056223,5.975723111116557,6.199811965326616,5.977152437972312,5.990718594933022,5.9880657239046915,5.994512503343352,5.848022317461137,6.053043208081774,6.1838939579611525,5.9692217000794185,6.135495705544593,6.074931626225407,6.063589226141005,6.030590613783509,6.133877099444603
ip_destino,4.891137005073836,5.9854622906199255,6.085716348874542,3.9405101859419167,5.952744506300872,5.6930272304224925,4.674787242732262,5.839342141144763,5.7557511111036685,4.922888729691048,5.878341766864125,5.597219543556392,5.203966880928434,5.923569063059769,5.731575129978613,4.7466416411248264,5.891225528819593,5.292292998399444,5.274162916442061,5.743596011923232,5.356609584199126,5.1268704366128635,5.8767150279194675,5.89494006576218,4.84373739836371,5.79840658275236,5.639640270676899,4.080176645995453,5.780715987754713,4.993873298669389,5.1000731336720575,5.787732352487635,5.570027084185635,4.798208925064351,5.654188140246424,4.816401766270304,5.042332963040257,5.663524942057749,4.840432777135238,5.440639955592772,5.919766188855842,5.018370236633158,5.962114643642108,5.460448261574935,4.939243444293369,5.773456155050906,4.114986120785643,5.690383460490749,5.101319604958643,5.487279445180925,5.881829987705718,4.8370972276628015,5.460326779279256,5.766515329459358,5.01043722500592,5.2842152442366706,4.888016351347263,5.0483502176678865,5.435688515849839,4.747467271754932,5.436319398083921,5.820600803395255,4.786464138160532,5.565859694886634,5.819018508945723,4.980057123385767,5.728285902481666,5.9247156634600655,5.211534630944287,5.610327142889322,6.116899221937593,5.505694836827876,6.072230444689684,5.936481159835648,5.252894039772559,5.960391532276563,5.929496949851308,5.2849894644261255,5.628055302772473,5.930551399630564,5.696186424441572,4.8356880341977355,5.7556072761156924,6.0505122121991555,4.2671754156705415,5.729014016640563,5.883173806575733,3.964904695609692,5.731023754023031,5.654021305111657,4.973195107701695,5.891571277907798,5.313990521290989,4.708405099582811,4.287211946024109,3.6035867710649945,4.607253905256584,5.195865338829517,5.451646031524461,5.52061432343396,5.552575874074697,5.335519916122438,5.363826898488633,5.786836048479032,5.521645476659916,5.865345548529763,5.657214655712379,5.668182683327004,5.435758445527776,5.834809297467108,4.937869149509282,5.678224003549991,5.806933512381338,4.730269231899618,5.853050778506236,5.316703439958466,5.3490087749419555,5.706776214032396,5.682883234229293,5.017518405712017,5.862031036339508,5.772230731305426,5.3513330399124435,5.150229214889534,5.836709726104266,5.504433071027742,5.434036574689019,5.877896957673867,5.09666092214245,5.57323901852264,5.860522770115117,5.727548941543491,4.818697107300617,6.007403994924019,5.705056697538471,4.353358428591043,5.86865153573927,6.039652568127531,4.586543665060104,5.843022771803587,5.923893324708061,5.160171892637766,5.52392293908123,6.289952986812202
ip_destino,6.146675550817712,4.360986009204058,5.9475220771675374,5.967754716378298,4.432546304635811,6.128831824290301,5.91724744970331,4.820949808975287,5.8889814870263155,5.949917855781537,4.452799255503155,5.960988504077902,6.100123737745353,4.4853176072263725,5.9279698920491155,5.928076490607675,4.452848337301602,6.053650342713906,5.4430912223747585,5.566297988185728,5.988522647284231,5.342017966851343,5.183692095761373,5.489004506756223,6.00687324829592,4.89241523652218,6.015192781625283,6.076181272641112,4.388959326105465,6.060585898576008,5.678358068939913,4.622985217102039,5.92929980756382,5.44697857297659,5.170571724476317,6.035649604462253,6.103867605637728,4.567684076645458,5.526936819120438,4.6257609331554725,4.214454434560674,5.792705418286389,5.6498517364925664,5.260873109993831,5.7857324983830365,5.129938799330193,5.527166403741676,5.431946592949012,4.922683063973009,5.663059696729747,5.451234526449809,5.6032164521867776,4.921135038658403,5.533182645793826,5.365575896786437,5.705086171729412,5.740193231321997,4.887013356479458,6.066575786128945,5.938647307850652,5.19943381247424,5.855199564685247,5.750777755753968,4.814476667617536,5.0813017452605145,5.86173296887874,4.996574211238489,5.516086512701162,5.802787914329925,4.790822660556558,5.392185487588646,5.992041482183254,5.495478959619417,5.663200662454392,5.996859873696081,5.1248789426567996,5.476481954970108,6.178673948204642,5.258670789009656,5.6001418276730535,6.015511968081687,4.969381762753821,5.4464062874731365,5.884685349049442,5.104665462082782,5.555949127245328,5.870052163880754,4.942683098688218,5.364597385527005,6.0258389395343865,5.1179934118008426,5.465914136247399,5.746269883091443,5.6981562540242585,4.662101635593256,5.882590841997403,5.919613479501848,4.3129569827990935,5.937780577794904,5.474464458920382,4.752005132413238,5.862843333845178,5.7117748357705995,3.9468087444395854,5.770566732287092,6.01932565788128,4.01651462763917,5.88372112902209,6.0158247713753354,4.38301067760922,5.941668298906769,5.592848478486261,5.000700301853878,5.873643412090782,5.694719484821653,4.620746840863034,5.860847547732862,5.613044152148391,4.610621623459335,5.986943099346132,5.874798880137577,4.686492106636552,5.976163904114523,5.344212007369868,5.191509854583358,5.9861458805286825,5.337980876090044,5.316778087002955,5.7034331736028205,5.411604580544764,5.197109253314563,5.970755897490316,5.333332453913637,5.506037441323897,5.924949443946336,5.543471186636569,5.24830462778367,6.0921059581052965,5.261946036458394,5.594043028059852,5.94692062378791,5.204969201710849,5.6843762898058605,5.374768715914088
ip_destino,6.238097881155722,6.159057205240162,6.0412026811173725,5.9506101925580825,5.757235857378963,5.769882405473366,5.6911400000342,5.7246390833715415,5.882263253645908,5.686594389878503,5.768470968132539,5.834048946452816,5.571938869555469,5.640090469870723,5.7555567093982365,5.454642064998125,5.767531529678278,5.672010468605371,5.887461952698286,5.751539468781887,5.7172165031420255,5.8136200953901875,5.804449729606347,5.743951215468796,5.8979014216918815,6.096930982427466,5.781600799739425,5.356776389424258,5.9821227055433175,5.816059173188246,5.098528533064811,5.528103644583512,5.121913285924643,5.795396529055114,5.201029512192014,4.656426636090076,5.527792259792606,5.286934565775861,4.890150080749837,5.499682485140514,5.289751878734939,4.896331733331603,5.7188953985798925,5.64979626377666,4.941964413151607,5.165558671975409,5.207932349500437,5.827399763062348,4.80686842305113,5.736024971965501,5.793888863582038,4.599406397473559,5.378450763454522,5.9354399512007205,5.227362431721594,4.936704909097676,5.596176253235973,4.784276122383876,5.009199014088294,6.000984720911575,4.501260599693608,5.760586706785573,5.366360396644974,5.682746819506495,5.808591111304165,6.623624393562058,5.31109962376016,6.292417623828283,6.953101039753848,4.139418697436093,7.0915210267029325,6.9467565624816485,5.482574022015269,6.733930749805344,6.97491438473626,7.761434205947695,7.601410085513973,7.475394180943751,6.569024762863778,6.7373279568183495,6.923455717568946,5.383747851921315,6.3812922866277315,5.901463745879058,4.818275719853338,6.598409574237252,6.622179942788438,4.44244037942415,6.783818117658503,6.789275867118089,4.766883582677834,6.301423623743874,5.958019941855742,5.18917481180535,5.3185745757453375,5.1222976707858585,5.482776891587506,6.55832982734572,6.102277804858813,5.567340507924631,5.8861580400077536,5.797885345846742,5.856573643670753,5.9485760483943295,6.0123910377805565,6.029954944067364,6.015493822634647,5.6893520696330935,5.9515289073322775,5.802843226580924,4.9549295318814615,5.450171137505425,5.015869137308361,5.2438786644295705,5.451360191879924,5.442907596464572,5.5902956669318336,5.535596793315123,6.1766966610775045,5.966273841942053,6.075359363520566,5.80846485862734,6.222429121937671,6.7006623589899,6.5176583119665565,6.3364397982141885,6.3766196128411226,5.8177579725430135,5.7108121065530035,5.755937306145642,5.664895505790326,6.12611329271235,5.835088178341067,5.7461813070179275,5.869509466243493,6.029008186015487,5.814083834316678,5.892482933733713,6.09392352877004,6.0623637820901415,6.11031777822453,5.920179154738469,5.956659540217235,6.128943662033103
ip_destino,5.488744492182351,5.5921877610951505,5.604544316941872,5.327391303122899,5.451485995771387,5.9954903163627575,6.456574228357551,6.404097055723247,6.510711352582399,6.524076938808875,6.25132562842786,6.3876252871724475,6.259466363477336,5.788366142941047,5.0620199499593665,4.9111529408801635,5.312872239201292,4.710977672273969,3.8778540786811586,4.217098708734099,4.353118208692818,5.4234255414892925,5.545899918979198,5.4305632718630195,5.445565445417413,5.440533952196243,5.328712896620326,5.322414354784866,5.239486784281156,5.288138154687991,5.4906698025780365,5.501727517074274,5.4771373981063665,5.3298324948083415,5.3108342747622,5.2981327391996365,4.836987862612785,5.442643504047321,5.066466957319325,4.637900171661699,4.81884155309288,4.622415057504607,4.01426959669016,4.5813600389458635,4.43295833664446,3.656879797131088,4.562511300304201,5.538922304063493,5.4766616209064685,5.103083704133779,7.390466220929206,5.949129915097402,5.119478394125519,7.48165639644835,6.299227169978898,6.744089699901152,6.10985465054281,7.394331287709648,5.833060582643492,6.284138602249019,7.562922320061142,6.346729197696402,6.908981238526063,7.228530797277068,6.396129186274599,6.4021941880736115,6.5080417177411976,6.5031979012420855,5.462315425582193,7.770588957818227,6.3829833169086525,7.08767053246628,4.841116327356584,5.762816421995588,5.047351929437722,4.487672862664542,5.950741321105733,7.4121394824587234,5.00717107085781,7.056186024622356,6.749692767004459,5.296040553701083,6.249985033142908,6.506309471854142,5.074306582136076,5.3110089368429705,5.592096430598775,7.124021648187032,6.986416703388415,7.815773526664548,5.9257969181059496,4.636018932159012,6.516127102636669,5.193606324535706,6.0021843818369875,5.486697807850661,5.725573041940002,5.7918574930347155,6.667554534288716,6.284320071907402,6.6608430022791225,6.214984853294114,6.340818607626513,6.314553296220533,6.509382200311051,6.618709602077211,6.420921931983853,6.357830110234772,6.108437286177455,6.103109626095913,6.038740363235414,5.8736700070736685,6.220119485399319,6.169115154576074,5.975256414429293,5.851647141541628,5.843932097696806,5.865957265652027,6.091383382558568,6.065603329079492,5.058710497560289,5.330683430763473,5.315574574246756,4.883224731607005,5.4765189410634045,6.1154675569861165,5.871584311226223,5.793365318012869,5.634362905326765,5.692320743304279,5.944665159442455,6.095697326031371,6.3120807739526965,6.232099129397994,6.076173670264247,6.265895270291676,6.4597368804711195,6.41947360272416,6.006027221133047,6.071802675422106,5.974984357849629,6.187746193566825,6.337006752621554,5.870335393800125
ip_destino,5.919060137946229,5.847303606654309,5.787336397636581,5.785672151116902,5.955789521657086,5.766564051160654,5.682669472438363,5.967057778115863,5.8850860758396655,5.8034426314822305,6.146114783946059,5.8485357198768115,5.581067272372608,5.722320535783628,5.7452362383443525,5.48500747998922,5.608538891423618,5.6284069497953935,5.500245919631642,5.643764832046328,5.673061415863733,5.429680624438226,5.538454394571182,5.677575846415894,5.570754754755354,5.529474224328194,5.713352372988762,5.575861420348342,5.677811810897517,5.377325646708226,5.581048135594778,5.4217173607168165,5.696562726136276,5.871250423986938,5.5799246559418405,5.546581791671368,5.735328686061231,5.546576987780983,4.603902788227011,5.452116162435599,5.524634287967277,5.085017377714446,5.379258736876291,4.947206854019118,4.546928156361228,5.106829190737353,4.924117012094689,4.959688507212417,5.772105519188564,4.883587536842118,6.540086429034816,5.920796755473968,5.498700031547239,5.492734143804881,6.4729157435300415,5.823948288786522,5.968763758560463,6.112047341677605,6.276359056495163,6.003199382421073,6.580609471925611,5.623908402293658,4.867379374993722,4.8403471721159175,5.032552927521969,4.860668071688044,5.174503788995716,4.117279653565048,5.153827698953134,4.7806844259148695,4.614270529049042,5.316175558790997,5.0739489782190965,4.2965916993303415,5.195108696007745,4.698249922804277,4.2351981706653685,6.671703667414678,6.8810241963002605,5.055292540308593,6.6590876902295975,5.735149416673981,6.684075520851597,5.970411111559672,6.233999354740927,4.958111254812271,5.362964810684458,5.869232761094396,4.521804162548888,5.3854589809648505,5.403043876609816,5.311203608263819,5.190956954749397,5.468518958286059,4.742505299875619,3.903570190610813,4.371974944764759,4.911106834348645,4.905390466187092,5.254217107261733,5.883449578465129,5.933188826929856,6.449010708568869,6.536435604379489,6.579808935952418,6.632060272492943,6.591690083416216,6.555796462719322,6.685227331839316,6.242419202267324,5.4536512597070566,4.944640980181914,4.899951771455216,5.082602982565531,5.805219728690121,5.771888096888075,5.899779347018035,5.844517963578348,5.914204699526999,5.557844001313344,5.456439315498336,5.282798561849798,5.127516521313379,5.596146286548568,5.455132793721386,6.276105494240575,6.597519184455495,6.659245483107482,6.4716724204016645,6.256630929064755,6.34258199572187,6.435817695764801,6.2825759332825974,6.002311645204352,6.16954941876361,6.046565267240284,5.956534498513843,5.970647997971665,6.072193592970255,5.972851257724672,5.963543767266813,6.040694154315085,5.7871802165917305,5.931737360769848
ip_destino,6.124544201705928,6.019021201031491,5.924835045642682,6.017955203770926,5.706064725843508,5.813543164218067,5.702320121863197,5.795639559767298,5.893014100370305,6.031510195738287,5.936654402098559,5.838725395744082,5.909802940679143,5.825120898921912,5.471681354089903,5.873502258225624,5.86388873278475,5.618253182021048,5.859183695012196,5.663222127523202,5.4466691127047335,6.483239070702712,5.755982222997341,5.65618207146583,5.9122415500036505,5.875258198052162,5.530634128030634,6.0833879386097784,6.040117757046994,5.579842915920342,6.024514292856563,6.932705440053852,6.872324259577844,6.7961196585183465,5.368276994774929,4.8774632145754335,5.417368830211687,5.443245389776932,4.859947146777773,5.570581689043201,5.301530553511154,4.425887175664841,5.112765614670223,4.603649925495244,4.423543687535488,4.9416236399786335,4.7749708544729605,4.931096529290597,5.233743872345936,4.59024200573574,4.674920344959362,5.145923067004861,4.773868041434158,4.526013372146758,5.113351584712339,5.155469792913183,4.506824823232492,3.979638766773863,4.648824922888173,4.981671959662091,4.467107655177716,5.197467903942446,4.685852690706162,5.526820502929121,5.2478836291721445,4.972881466101992,6.1298127985153945,5.788176376413577,6.504091268459615,6.787973200546412,5.5325515951284645,5.942016194620826,6.942529306896581,5.327356475910994,6.628326106653013,6.398320064118979,5.223465825181132,6.576764802529341,6.43765298052166,5.552698072952281,6.573187807105758,6.687203992797572,5.165210055435439,5.323769375711151,5.611963453490504,4.421243897166484,5.4756505923730945,5.324927815420757,4.152142989016999,5.265263381342307,5.561453662962491,4.398312472982184,5.536804762763305,5.632415382725602,5.398811018633187,5.693527702644987,5.916371796197674,5.609637070889588,5.748151509890753,5.283452914545008,5.5659341494416985,5.657567765269137,5.7180159307132765,5.707296112851584,5.689756934981723,5.587256487487814,5.893182144875041,5.793232427619675,5.638571287125719,5.995635531459335,5.693241173329601,5.6135601727798905,5.1131522633141335,5.129497035097595,5.179409438187117,4.974185985532841,5.145917252162573,5.886789651130196,6.013296578318124,6.0044660971258565,5.701884295182147,5.534858302862829,5.621907232562572,5.623520386015864,5.425720757813949,5.7245276312886935,6.002520010963054,6.6782996178911675,6.3325440102926365,6.188595979346357,6.007779675102022,6.016505718962857,5.956181045966788,6.077631857576722,6.077698672300723,5.87689076336914,5.842418120362844,5.886862873806313,5.952617349067895,5.819067441566531,5.871229558060218,5.939359315781328,5.778822227233832,5.977906681721606
ip_destino,5.854735734592296,5.8466332576515425,6.5815211977646975,6.40808093707253,6.482896621176531,6.601791217766325,6.655652233941955,6.540204374024054,6.719872090419427,6.725124591591296,6.674824023345745,6.789459884739893,6.838833373825752,6.704127073884785,7.0340290535679015,6.860337226542062,7.0155230268425575,6.883935375341352,6.807709477356293,6.7977197213580505,6.8693954344444155,6.880503400181973,6.657667853126278,6.966061854214141,6.819573989212551,6.663541005507348,6.9428829152297435,6.891648707475887,6.706430868662936,6.723395654676793,6.803954851916925,6.694343547833581,6.214438370650528,4.4030623434124925,4.508314298814262,5.0074708463626605,4.7418929982000275,4.59176605425774,4.067276274521999,3.91479652208374,4.246109818162351,4.0045110169089435,4.240312658385765,3.551316683681188,3.836192098229256,4.200133141184398,3.819851533366122,4.451759524545637,4.214298014414466,3.8019390607471215,4.374401773836551,4.299991984379123,4.400316558762026,4.028934067627829,4.389897427062087,3.87030732472305,4.242098887125693,4.3738494553862015,4.208033066295691,4.436713618654336,4.492562186055725,3.847456842583025,3.8557721018984994,3.9096593526828833,4.115691985227148,4.266514972002293,4.376512131018338,4.2795687653627885,4.2561743147632125,4.2464966831996005,4.609745945711462,4.686876744255623,5.226063288461535,4.700960057633474,4.375976341471247,4.2698720946066695,3.4448271900840117,4.018439307647436,4.41568786384475,4.213851478209964,4.426291184934088,4.248417700470071,4.059566423952859,4.153205237106631,4.427171818092599,4.196236382918399,3.8188792141430015,3.815988949308245,4.038836355787184,4.362485275913236,4.560539534972322,3.696273722573997,3.9475497299115614,4.782745016579786,4.848445855261796,4.921566389728693,5.452741847627144,5.560127684428194,6.382741225578988,6.0209451897271835,6.230572500470205,6.163371539940628,6.272392918980651,5.803444468337284,6.01768866275954,5.7739354872519275,5.628659070230085,6.211466609266738,6.0303104530825875,6.39604202381313,6.000206078987914,5.417179542130369,5.2553161455746125,5.587975451744713,5.566630395222223,5.480012025559679,5.275235588695642,5.524702150654645,5.98908819788363,6.276059722719983,6.504281287318632,5.7944405692550855,6.231772603513838,5.4555187179074744,5.386444966021776,5.803939649667806,5.7764850746316245,5.803088215771703,5.792321326639831,5.665428652310482,5.682095867468695,6.196255002703083,5.840837968004102,5.475106912090361,5.609170079301348,5.869137975956052,5.800705851616508,5.843605305689079,5.8306297171915356,5.794584330467735,5.660089493428185,5.801199012203,5.9081900549398,5.9006727881701195
ip_destino,4.26944335016026,3.5859677037475084,4.1841443754979055,3.940474994163914,3.881174954092849,3.858505558506556,4.048675974676826,3.725577210742833,3.805134636894365,3.8951633338662095,3.746306075378917,4.142476691649905,4.206537198388326,3.765684906516719,3.800931408538984,3.88362354205134,3.7311074761179706,4.1361764965299574,4.199958881247095,3.859089936843008,3.8997963307864647,3.711292402830028,3.7047022137226517,4.053271757981801,4.406580650260276,3.6980137941758233,3.690721586206181,3.5896882312591014,3.645534768020358,3.694789589030756,4.08028963408207,3.6664438990394967,3.9888989547667686,3.687305070596639,3.944744361998535,4.134144655463656,4.358342168083125,4.036171174153397,3.729122209155544,4.404986605804655,4.234965136831376,4.065425898989327,4.26796366930413,4.31196714741971,4.082043202882504,3.4116090792349585,3.4369254969149248,3.905280797364352,4.0243245355088435,3.6693765431796113,3.6518970749728346,3.740602856529904,3.8414793166000423,4.049871268087145,6.6818008614092825,4.174308638239529,4.284878428536011,4.021202759971562,4.481075893779211,4.661289712935403,4.419050553511137,4.284199595852914,4.395076252967104,4.103882346700955,4.27070581697372,4.2741365974070185,4.407412693107881,4.166988007930616,4.190166675424815,3.8881269061382566,4.127513683618866,4.123211296700495,4.833512802767157,4.1400707195539015,4.312244550980268,3.759090429191206,3.743006163539468,3.990516167492583,4.209942759889919,3.8749707720846938,3.8732888865305672,3.739328871605246,3.833903910967879,3.894992696491522,4.1564240398485826,3.7839926633088345,3.7017526031929044,3.6708411391814346,3.485735420173856,3.853010633667588,4.113196715717951,3.7046043274862486,4.546021081571795,4.375732477029304,3.6088346791058417,4.308332033072055,4.767707969448346,4.581846383970566,4.7764111387983785,4.566984093166521,5.013415024107734,5.441310414188414,5.472525137086599,4.7375848349255385,4.68486157724007,5.022773060312503,4.953186971863341,5.046557964868325,4.987133465667324,4.652285017561925,4.50841155082995,4.55882488510738,4.6593241842457696,4.813932220529795,4.855626506944122,4.640447160464259,4.580740613566272,4.6219020538421915,4.499057071745601,4.322178691484694,4.5663466556074335,4.550112633499776,3.8031250549481057,4.096912338749084,4.339628581372975,4.3240269944973635,4.291499766747535,3.7486957915240726,3.785318046225409,3.7771060300466437,3.9945060082947808,4.183412001972079,4.4331803721888745,4.041192523795654,4.038875694863849,4.104827559393267,4.054612138736984,4.235578488353212,4.321280927114933,4.019040165481711,3.934141651252916,4.1924883368212384,3.8364876990818058,3.922054510708744
