porta_destino,9.12848930993536,8.97872558868286,9.158223967770821,9.126257097053363,8.74413853806205,9.151379427590033,8.529551822058478,8.613288641246601,8.474953726529106,7.908830076813661,8.275460625770148,8.077685912089997,7.980994976688543,7.907329630605949,7.814748908909451,7.8005408107528185,7.898132638279662,7.897787045713613,7.898609902681651,8.00858682401982,7.917777883061625,7.892445452848759,7.999079221032558,7.919662122237747,8.008909854767515,8.011191824012638,7.6510265277915055,7.633769210972803,7.718702861827892,7.607652395812662,7.5502849984578715,7.770638617176348,7.396142942731428,7.136750493829968,7.425037343964251,7.322076772197049,7.427514574217459,7.082197164973558,6.7462708922078045,6.791445912307121,7.0063609258786705,6.334765709663722,6.520536570130608,6.378107045892067,6.600132612610822,6.526605010058511,6.448355568256031,7.558846322961508,7.108963402315286,7.436844192590756,7.460632202882603,6.984087727917031,7.447484055338004,7.489897891606401,7.339246349674532,7.320107649461205,8.076256412150844,7.517144057822878,7.733797366169141,7.594690489856597,6.921164668166679,7.374055976351607,7.588509323539085,7.316107495539707,7.617240265281455,7.585859671188741,7.130883910138322,6.739266732359656,7.456720947470635,6.762802538258573,7.376684567591468,7.632819546051233,7.833659812804497,6.889668719682553,7.861137736922723,7.916513494634057,7.468349792951527,8.028954515350101,7.646397941564863,7.458469626261665,8.116786080645422,8.45605534006805,7.871904756358338,8.28013802757428,7.855369865545575,7.3042771630012355,8.172292159193198,7.425645880317129,7.484217285191168,7.61445270538312,7.9941829177387,7.533733181349491,8.226527957137641,8.037144818667077,8.114412722621053,8.836522184070867,8.330734778432342,8.706566532009111,8.85099039644415,8.618464422566653,8.693695362931296,8.82112018080743,8.607431966288791,8.469450023660508,8.82821144805135,8.854846526696377,8.354523674980491,8.784306627336639,8.679699734576253,8.580076603507434,8.876723301617217,8.786330705476404,8.501991550174019,8.750688439095365,8.554703501310525,8.515023497618559,8.861123637923015,8.792293134117589,8.5378727973567,8.50319044157834,8.741097740366918,8.150841850940878,8.52597923419988,9.232780521532586,8.64812448881318,8.834317600984939,8.962878512996861,8.908928087377532,8.828324213466491,9.255881653152077,8.991072122135053,8.893020161953926,8.954678880137735,8.951694177985507,8.950880317199475,8.782256686083976,8.867343522920502,8.877892226123876,8.74088925350917,8.636323820121165,9.32873070423775,9.203320464873622,9.13636101199942,9.661386984183563
porta_destino,6.6210484461628045,6.401833991171019,6.763739389675832,6.8878122856498205,6.900928465865417,6.273066975398673,6.41637815941125,6.7789419563918925,6.802355451126884,6.6819542048224445,6.902436879555711,6.87248557704067,6.821212564635206,6.837282723182428,6.745380055462098,6.7312093637659896,6.455070276066574,6.491487677014755,6.395998949938055,6.6149126463657675,6.794746917879754,6.364057798793431,6.744134372432601,6.681271577622335,6.7464510505305055,6.436978271023638,6.369548839903778,6.32776758349622,6.9814610342367365,7.060992938232684,6.818736580353995,6.702589915311773,6.602963146170101,6.524713145188148,6.75164673511551,6.764268740868812,6.967145777247374,6.62565685857609,6.617295089676214,6.419171721805772,6.353946101981817,6.678877441966513,6.63718833748122,6.432597895858638,6.398486064891862,7.067651636350452,6.627029246595505,6.428557310666897,6.398505995195463,6.267135345216451,6.742613014802535,6.560571740383398,6.556548928486575,6.6177477849290725,6.658177693527231,6.548461166191545,6.67440215227834,6.62336002751557,6.671632689561965,7.294952345607247,7.373544541997128,6.628667097308059,6.725615334195727,6.566534317723416,6.5327654298140345,6.5326702391457845,6.46878287592437,6.361349383109443,6.4445135258517725,6.7163901024415305,6.596076833220662,6.963682964071901,6.679616421509566,6.602978740944699,6.713198154127902,6.640953359281562,6.651032488985734,6.576378472561441,6.73781221379744,6.809728476958215,6.771257177606603,6.542878567763102,6.5080727727674965,6.539378630114645,6.6790813168616685,6.6145918989987464,6.67234074934789,6.688043867926242,6.636799976054951,6.653253648826076,6.6511267471865345,6.40384227230093,6.5778319607331825,7.874923583667363,7.357369979302149,6.79109780525086,6.976216275051062,7.816745120341103,7.718646015287478,7.69073485627053,7.632040258977084,7.399558873987668,7.1076017565769725,7.643293636966058,7.526790787868237,7.592508918840207,8.191643992242533,7.677770032558167,8.231344261959439,7.3578829292424075,7.10107854004826,7.242497756458706,7.128949864861796,7.035130506256479,7.074699163929711,7.211814930103843,6.954010424734028,6.8280297839534665,7.033677401307387,7.1436548720925686,7.196320838417742,7.193955800476623,6.9795279292863714,7.053542949132612,7.343905840119626,6.888754925146055,6.576841247362272,6.6508859478802425,6.6230373286857676,6.647961165748117,6.482756487296452,6.804884183514491,6.551708209358583,6.509162755153356,6.560671305182956,6.818752068147706,6.925983286056845,6.768171763984003,6.599802283492558,6.6197509976800974,6.743164957797271,6.479508086843267,6.465299714097237,6.710642031069801
porta_destino,6.442938906248171,6.669627619571159,6.599899159494759,6.584130487843377,6.479980047782904,6.612756781430979,6.612798263592322,6.4821043913622995,6.572319096174318,6.454617307952808,6.716302574222717,6.7299637013800995,6.614905234711367,6.598472030618692,6.584334185483949,6.618349525169753,6.533219881675727,6.577767372915227,6.390667613899804,6.784427626230544,6.671988541930151,6.623728476567766,6.662321587439604,6.69800145142439,6.431366262150644,6.797261529157032,6.427218383452712,6.601342148582789,6.7617286763790085,6.817661504613983,6.572181978315233,6.58033601657107,6.651885001323209,6.612140065488415,6.406609800838589,6.543639510751332,6.577507931250016,6.4375355269728365,6.600743341095361,6.292059587737549,6.793211346268108,6.761638952885103,6.670930923385308,6.655668531946085,6.687102810537858,6.763004942393085,6.417320283879853,6.285142435739845,6.292632195502526,6.3722443335330095,6.258793291048838,6.2611990511156534,6.19147660616852,6.623526932500306,6.446230242059167,6.388880560531969,6.388354904511412,6.349906366601813,6.086708913330409,6.2357002823341885,6.502187298519969,6.313289423180917,6.444537941541133,6.726355068747594,6.3586456914140825,6.4455392711464,6.369547596651953,6.3335541252047785,6.379658180885659,6.262721042316017,6.1936640166016295,6.7014063554922485,5.729617514590819,5.846298790392728,5.909098933252688,5.693216443902356,5.663957813652076,4.778075047833204,5.211524201842074,5.597951387064733,5.4316372141568845,5.559809054201041,4.787838651115568,4.790373522320965,5.766220020974539,5.0568839158354155,6.5184795045586075,6.262043694010731,6.313400515783586,6.483690571117383,6.313311953688401,6.409063647266313,6.464086985823499,6.368238211024326,6.3860540148170895,6.379992016358367,6.354491307776872,6.575026935844048,6.574802119880035,6.706073500196908,6.264546651555445,6.339396326218367,6.4665494281709766,6.2352005266397565,6.415044052519084,6.4069556250418005,6.483071059172195,6.5329766897023696,6.901119414602825,6.915577061241993,6.564947156780759,6.4955772908475575,6.616421664360403,6.466226769685518,6.571002524698124,6.565236863184702,6.594413754157702,6.282595328493719,5.9392643536518435,5.946466136870262,5.873600252518218,5.866304337136126,6.0416500446019725,5.847801999605305,5.8042981948090855,6.039468849231103,6.777340150354989,6.759681469684162,6.811445495790025,6.709007702727182,6.5236160235701455,6.548662349169764,6.499668952500215,6.461572027540012,6.592642809041353,6.361503031061523,6.262269298153976,6.545936411481351,6.3498953355567584,6.318111285225648,6.586245232975572,6.463897948295398,6.68397959522179,6.490918364171362
porta_destino,8.713170461607556,8.810827860187729,9.233391938027939,9.04279055486846,8.866107492676807,8.68045769741183,8.594184565186023,8.408464524440047,8.512113636879771,8.485128159602183,8.441541069325115,8.34710081958746,8.405913622963679,8.334111896287382,8.310520730158329,8.287209059271825,8.346397393060828,8.276855063973526,8.281738529516183,8.160062072271607,8.090388540353866,8.221111119875335,8.182090851569951,8.59821742404163,8.801021290016664,9.853334094865508,9.920929284485013,10.164809288833686,9.735622354202349,8.184879044483099,8.143478806520209,7.945492211616102,7.973312034562862,7.673994557897558,7.942193598451125,7.806027655651492,7.713434969711473,7.506925425200371,7.2237515144991775,6.964477370401641,7.0318724376979125,6.934336618110219,6.917614571538646,6.881790785687954,6.891975053355454,7.061240587768085,7.178751083825159,6.850167440939092,7.7701142057986035,7.216106106376735,6.968428075031168,7.363031388261338,7.221605292665586,6.59264634939044,7.427301013334488,7.227339236737867,6.750625164702723,7.440848223912157,7.244127672429175,7.122719588472672,7.361906944072563,7.302741704049418,8.443802994251543,7.902378119585907,7.4512399768802275,6.656031427462013,7.397583299472751,6.836623025252647,7.881041202390487,7.7567941887942675,7.460508357525348,6.794940347890379,7.332996164632611,7.298309777799392,6.769341166702299,7.564279022778819,7.398296199689655,6.598791182175376,7.257041570889743,7.262901655774832,6.591416519135247,7.6478333634387585,8.22464654516766,8.018604423097166,7.863766287407622,7.45876902904321,6.873630785994568,7.359649285174756,7.409320535543588,8.385871066863626,7.573193213928742,8.311959080816756,8.066970041689965,8.130770004498693,8.501043561108741,8.334554966694474,8.977815522873842,8.940872152766547,8.850514696684375,9.080183353302854,8.987165355872227,8.663051981438219,8.794032733603405,8.742867152959533,8.674469379839172,8.795080478420529,8.772288676865863,8.717710994142129,8.859669539193069,8.926101638641597,9.158087070399409,8.975354109751068,8.961934004308215,8.889471052864156,8.980589912792205,9.050669224443698,9.031407222219595,9.058835013357305,8.967476999583363,8.804259370059064,8.816090454112496,9.192898661846016,8.760348085746612,8.976193387168216,8.915425466775746,8.349413185614708,8.603606384855398,8.72062458274227,8.651659925088305,8.926202413847761,9.461340419891439,9.44766196327666,9.332271829047203,9.147111584135619,8.805837826294033,8.986543318165543,8.989357263668179,9.821763080474227,8.726850775411586,9.809132372456393,9.702549637859537,9.693281127455393,9.355139873342132,8.980736643208074
porta_destino,8.810788205845874,8.880528288847449,8.626583532242902,8.963127053118392,8.748295298425964,8.7674490883067,8.946188339520697,8.730276532579124,8.495036049248332,8.619226474444966,8.599375169858796,8.474988983633732,8.59879955750207,8.457154941106442,8.411028934173638,8.017574311125896,8.379322492267999,8.511270958387133,8.352944693184162,8.431058435776466,8.47676758552384,8.205843678983328,8.452518801674406,8.443010803866589,8.238955083924433,8.293469071162727,8.261525751630693,7.91080714371299,8.239276297689319,7.971389292134213,7.947733615351332,7.856957808177245,7.830259947851008,7.617998965696517,7.819731122118031,7.8407813102740285,7.705302526120676,7.619324773785842,7.556685450876219,7.270211618251598,7.333915295843034,7.1350582179062245,7.1095680989850685,6.828479555954766,6.998286743058572,6.9255156459425065,7.036317930425935,7.2173170505656215,7.429724268626763,7.180248907349339,7.207529743821559,7.512817162081039,7.358689998126723,6.891020241386085,7.538174890128769,7.248463183321289,7.441828810380344,7.5781316088778174,8.351179792746311,8.041278271550295,7.4811507789565335,6.889692091651035,7.658269439080577,7.553747337272457,7.191742310961776,7.825087743473714,7.775281190374721,7.178497828310678,7.508251110692615,7.467030472509619,6.82950264315556,7.2515185625721434,7.565818659087328,7.044416045405121,7.5021029177703555,7.496167467495263,6.9665913415176535,7.5587895922412525,7.469853931945192,7.029071215691188,7.544945003592503,8.557121736873205,7.7031691909977456,7.55022950943721,7.421715606953906,7.148553041893978,7.435098520346887,7.350263790601634,6.934803516873361,7.58773245935276,8.082819195689545,8.168604732754593,7.6999949363784514,7.8893444484233894,7.749867117342743,8.101851989172374,8.487961839188246,8.533914423798612,8.545444243168593,8.869786870644537,8.77350860072494,8.711185869148718,8.804642376141777,8.87077543648885,8.75733800970625,8.834799121389901,9.123715932094976,8.809890584975971,8.834954970975803,8.685351363417821,8.725591807174553,8.818782738354637,8.634708930649843,8.632084951970063,8.777762083022829,8.807876281071326,8.631713666436218,8.813395121897306,8.669196615370295,8.264821223183915,8.403428086897192,8.335801921144734,8.112006011445356,8.504816030135359,8.522748073183559,8.308246908979863,8.572379381998706,8.636754764881394,8.593251003236414,9.118748900726674,8.678005091472746,8.698640012993287,8.75754315938241,8.724054472033393,8.56087400939332,8.812079389300642,8.84948830234666,8.654082124475277,9.195281405589247,9.08268161887667,8.719675417230077,8.758566511133855,8.765063234544376,8.622976380065177
porta_destino,9.039364139297232,8.941808109432838,8.76738865889666,8.701022700169927,8.757128157838961,8.656317801442476,8.7365859228249,8.81008024544956,8.528044528155709,8.430580896775988,8.425124680974502,8.338851514953904,8.20719412992315,8.039695177409406,8.171022104953312,7.887365662557729,8.43849173537464,8.502176335672146,8.394180737244811,8.257167742637106,8.15695533403596,8.295642081191046,8.370123147351785,8.241132179380724,8.548758325608377,7.930247967842742,8.019869569096267,8.020990921180925,7.9436303643934885,7.908134126602378,7.911942809517857,7.857617399592046,7.6868122529135725,7.515459172357461,7.438137304245364,7.698147605995983,7.741294873012822,7.637248412840009,8.979156057569586,8.344451920999907,7.455911070253582,7.255991336121492,7.133650964899153,7.090123938941843,7.103069238529207,7.273051455518713,7.379177950446018,7.4552136897772945,7.3253220481265116,7.203414763287622,7.068481283457589,7.0064799247667935,6.9026705781688245,7.155990609825767,7.006558477088256,7.214005248279327,7.509423375903973,7.249564674636804,7.560753182211733,7.438253816534315,7.331420201131372,7.558905826727794,7.571275398444643,7.537606855061576,8.607608985848566,7.710829122945057,7.0813145983230426,7.6593992461850275,7.48482062909767,7.397109863231843,7.054038334706384,7.530750450921872,8.080405767959563,6.982724637770959,7.863788394750547,7.385500217668357,7.377408689162515,7.821060588779428,7.317364349773102,7.469604156840237,8.28583885207234,8.677960015502086,7.012406611952888,7.459991867374432,7.467995366431963,7.567570827107371,7.472288174556217,7.595923976402007,7.400064149086674,7.0879847564005685,7.369298401244153,7.355828514943347,7.8246849782002,8.216708101689486,8.516184386767621,8.700887108096419,8.669640544157826,8.592008996759676,8.615141809975473,8.507989671040603,8.581277478174584,8.697108636207366,8.612880186909463,8.82336217334568,8.79305850242896,8.773240849066239,8.592565768944201,8.698473527502083,8.792955608410496,8.811669083111903,8.925528043217295,9.04831062789315,8.975577738946704,8.998905647508838,8.923751285079819,8.780174739425544,8.784322504049733,8.797464019414212,8.55662689120755,8.527509719508862,9.489761127046318,8.561505442671452,9.015989238932832,8.987189043220628,8.524719331781336,8.731281726255009,8.903502316342017,8.715212249921189,9.02591483160645,9.064507617730516,8.79810879532009,8.720042313126703,8.82099349292975,8.848734500250963,9.030702535318706,8.759280567037507,8.756190244482415,8.660292178118594,8.817640364737846,8.804307230656331,8.682286967429555,8.848713546624582,8.919731420398989,9.077230708560887
porta_destino,8.970889491139207,8.860635658185233,8.97747942042817,9.30152587325531,8.900928412089618,8.879860133245822,8.866781897866495,8.735674489099548,9.140276040853957,9.54136529505166,9.311674363471935,9.502838040045273,9.26221135099291,8.442126049441464,8.44144803039137,8.243765125124234,8.122627675374856,8.136741261198361,8.067206168627134,8.089517230975941,8.016000653192354,8.16448380010033,8.384111339377116,8.263724641317166,8.154641427824869,8.228900416764507,8.414545744350557,8.269999103970122,8.303848538581184,8.008839468309873,8.039398484550928,8.080436260179392,8.107027390274935,7.962797282117719,7.785929723149064,7.721875808970977,7.798048337273847,7.653646498418982,7.5482193602503,7.519287829546347,7.291822475945221,6.880320362840943,7.018357700532608,7.132890610677086,6.893233890103014,7.0093231868140435,7.0523539102959205,7.1814790867944565,7.1785167463858786,7.545205184022557,7.576303312249523,6.818250182789615,7.060711433726753,7.08723581494735,6.943334042310072,7.0822101547547245,6.915030435587525,6.7672684101457765,6.2333079120724175,6.902397945650951,6.936046713487344,6.6541645382628465,7.999497295199242,8.741544825200219,6.66668527988715,6.870338945893228,6.8033707229504525,6.5936942247371375,7.833692316049747,6.666077049040596,6.792669386821588,6.868673231350553,6.188158607755853,6.9093125430497375,6.742534964296117,7.539204830268174,6.999974977666367,6.931551019483888,7.116807722963662,6.955904536105372,7.0567446473105315,7.185360616072153,7.083002228394,7.2577060107251645,7.223562435143063,7.0211344968533975,7.153295208533293,7.158961558383923,7.067119926579044,7.1814817908837,7.312583837711297,7.124459187237653,7.658429557387282,8.132799501763923,8.259197189864484,8.440932006534936,8.606734080080283,8.625170525677895,8.828519325695689,8.918555345341751,8.736041567390139,8.550711167816088,8.585778135095671,8.416478522692064,8.577534887400027,8.857785276814822,8.784321627724403,8.944900043129161,8.863276931260637,8.763793384021694,8.977083088060809,8.803025808722165,8.675643736079532,8.574190574941042,8.564585458379426,8.66007376116867,8.617768396092016,8.496042213827037,8.377990720469969,8.440121280393459,8.258548050087327,8.186039771264198,8.16028253606262,8.867576000467944,8.634998044864368,8.602873463275031,8.670543740742849,8.76352132834259,8.691389106134602,8.872868725115731,8.816831672918322,8.80344011967858,8.826966906197999,8.756643923031506,8.820248968990649,8.870457742457608,8.70448732489987,8.846819473866477,8.818415047423334,8.638237619228313,8.687534998377508,8.762933273576566,8.698569916296108,9.200655205562386
porta_destino,8.877198622267828,8.942824406151795,8.809004278001368,8.873138410738774,8.725480722578956,8.634914806416424,8.998421227927249,8.889446021390901,8.476383966058572,8.611774157465042,8.235186814369591,8.125405242543254,8.201110289697143,8.058273097056691,8.238105691755907,8.117864553810103,8.711735168085745,8.161647088399834,8.156195798068428,8.227967843165302,8.114163309570245,8.208935838629314,8.086392730789347,8.01856765052714,8.18097753653147,8.23705219400477,8.0439520444768,7.992158186193272,7.865848368602352,7.476025473246946,7.528257655659771,7.623013516086174,7.55345758839962,7.554250677781565,7.605352945439142,7.58405908324182,7.258310890503213,7.1091554176427625,7.202438559878348,7.015801320292659,6.6891392775268,6.852135140736344,6.230544341700977,6.039950790147952,6.0528420571208565,5.992621179791763,6.501243719514598,6.905739608717477,6.900685799073157,6.726930792987287,6.726928877781668,6.777603366383554,6.7133732204406265,6.8495793669738205,6.840594457301051,6.9125857405782165,6.8554667449881705,6.738780251195577,6.591735353424856,6.992878258930192,6.804194330465072,6.787716265283155,6.8344785076605215,6.87817698465228,6.684180287662961,6.72883439155559,6.895609251480904,6.784660934986137,6.787131025796096,6.7574207647246425,6.728122492346491,7.101337735428193,6.790565821039338,6.7781325461809185,6.7929534084748475,7.55045186074369,6.961538497366156,7.20072269842109,7.388983590962528,7.122495235788034,7.170363808219151,7.528093460849344,6.86635034068711,7.3556403050522725,7.400313196591197,6.938849968185581,7.623647077652912,6.861053996008638,7.181857461206723,6.9159731670837274,7.795298003731671,7.249076002426326,7.351620319603679,7.685643243396486,7.581011490417173,7.699610706904568,7.766499772131951,7.763037829098848,4.373612101433357,5.096823320691784,4.6748495647324875,7.84257570651287,8.407898437787091,8.114427577842074,8.057464825410486,8.190334422846485,8.322846024996704,8.461653003034638,8.557936501674172,8.53263183869054,8.507115744052111,8.681183605899228,8.780468731556372,8.7344530662133,8.715501138132911,8.750794369118026,8.766606551101104,8.722229252528091,8.574537292522535,8.47018378827331,8.447155593298211,8.430177839962031,8.279876707814037,9.061681042412015,8.878548655788908,8.51477301263276,8.611060576736929,8.709576166146782,8.336705048862822,8.739721683238779,8.786590059385727,8.758332493531993,8.795183330733806,8.48894360009622,8.767285823827043,8.606087961553612,8.624744342992011,8.70024422824064,9.085167861028358,8.994871161474506,8.742038124698322,8.712110391349638,8.844452801366147,8.695350559093242
porta_destino,7.241968324969652,6.800381967922453,6.85092952461971,7.056452413066238,6.9573269275452105,7.109930387784612,7.273362093044685,7.216962754625635,7.182852295905132,7.217867766270202,6.729041377741221,6.6326687144739624,7.135483420911607,6.893749933464319,6.7234346974129675,6.385617902602463,6.837388601498468,6.493838313944438,6.953869730469978,6.681921243625519,6.8849831445682845,6.688423677945972,6.893469991751894,6.747633348857181,6.898419230171164,6.317940819679278,6.7202473464902885,6.842562996483769,6.610458247561742,6.824315892825147,6.891543296450693,6.921911317759787,6.690507774636169,6.479483820377778,6.697235672502469,6.711664707649021,6.597764993218903,6.33247467493339,6.440096923111888,6.348405891782672,6.5495134596311,6.540405701765522,6.608890155394176,6.481852860834168,6.439316800797927,6.612024489042849,6.75506959330157,6.6736944946780445,6.518119551242883,6.174632676652515,6.188442322094767,6.172336200824878,6.3393891221877094,6.538781019099265,6.18618366510584,5.908692557351436,6.063382803184493,6.800478367117262,6.549068388670737,5.717469849477547,6.373259028822093,6.326655008217499,6.239661663736586,6.355999238146317,6.0411535758399175,6.130753715094085,6.192996155236683,5.709985718588528,5.933946476257089,5.951674938446418,5.952396799424098,6.350199422683304,6.39856952845992,5.911852300528307,6.246426696664059,6.4146789020481165,6.440712099426526,6.4472826194471775,6.5223616607599775,6.5947718176962065,6.650951498316666,6.671705439651487,6.692078400594375,6.757673178474247,6.717501358641876,6.680610588189102,6.811561419209125,6.6935306092209395,6.601543712647616,6.825771519916952,7.033457285959858,6.741650435559569,6.806771965228576,7.574425509624039,7.83189778123117,7.737683741368519,7.734137026779332,7.750870216124293,7.934072767184772,7.674173568673201,7.796121850597802,7.765831796495163,7.9369926695296025,7.811740332549349,7.904263559971187,7.773768562820258,7.777066932589937,7.8620181918679695,7.872972164468393,7.4956272257958565,7.630563259905358,7.4798119476469545,7.559742270836772,7.4886381639594655,7.675729802539029,7.563910454099896,7.580757825469829,7.66813209549626,7.259747254387327,7.226720236135766,7.163332174606774,6.739940075511389,6.921390247032067,7.19262265864663,6.874998683024307,6.864993846646533,7.2677363429132935,7.430731873220866,7.520730978623915,7.244458963527298,7.466004941681742,7.416812257576558,7.286101024956339,7.221126035524947,6.9719378666692355,7.039781179871694,6.894840289406639,6.6538001530053155,7.388697816524508,7.0164090551007465,6.782782660158269,6.7810399166391635,7.00548563931592,7.102821812464689
porta_destino,6.59248008083746,6.507017789355394,6.657385632360105,6.588175205683798,6.630152214751783,6.728306531138162,6.7642155840169655,6.710953555869505,6.718615533066809,6.7206445320959896,6.687570283401956,6.712992948015481,5.786840116110606,6.505681917798233,6.608719004118951,6.729991204126525,6.702252078675076,6.676360807767924,6.5344113365907575,6.701382371838067,6.6790436131676625,6.8764637132796835,6.806749957439727,6.876942352933508,6.860068480716055,6.539988231626125,6.12985856208121,6.704007558618003,6.74175931484933,6.684318675507178,6.885739517601211,6.5528223067202624,6.646543854748978,6.813226263306182,6.662856104857153,6.820360460245116,6.881873183005861,6.627080834620571,6.649270760674975,6.65417841301322,6.663610882994621,6.6099832144037105,6.589246308458347,6.388434008047522,6.534628123185315,6.427776167848505,6.5072145362530325,6.555491665388052,6.5247198764645615,6.344275209912125,6.4395695118251846,6.41807545499868,6.370887398211592,6.624702701258035,6.871889970782022,6.726009414892348,6.520808542245282,6.7044952778410645,6.570245061812633,6.280638043536338,6.703557269414529,6.6795404255815845,6.663552159716297,6.4318957372802545,6.668566059266196,6.470319798678966,6.699832212000525,6.5981198800801035,6.379429242532576,6.591550286534398,6.745723958104185,6.899659746322776,6.7436502611181615,6.380733833811934,6.3939334067747815,6.346864412993803,6.407430026317557,6.115952924506263,6.464842118645537,6.401711414081175,6.411543815388192,6.3530204517187,6.833750164937547,6.592938643950423,6.769779130065823,6.731226698007494,6.619951717220851,6.761424995853488,6.541866737422675,6.328013585905974,6.728689739471205,6.640806707337446,6.492052868656086,6.365808355681648,6.422781494910676,7.045065969772946,6.5956644346848,6.395506617310088,6.709028843957144,6.471666913525494,6.7316945668735215,6.869076384491932,6.885489544455364,7.111564273076575,6.638692590737475,6.569628030533806,7.0028668861197865,6.767406061359191,5.692394002777009,6.4753730775577,7.0310233618189075,6.95336637991771,6.7934342612395895,6.7817939843006325,7.06493247526426,6.711810879131348,6.791913433341619,6.915282376195521,6.658001485873867,6.701162853776044,6.704332291189313,6.517591731890367,6.431960534427057,6.697988037221255,6.76583107219597,6.710705042630341,6.688715660613528,6.82461654456282,7.103232658795463,6.876114257493677,6.702900771092173,6.508421828003062,6.8030007549678215,6.6424814601997575,6.57310650900743,6.525839420701868,6.6504499833618045,6.59880231082559,6.768110848275398,6.604783612287968,6.625990119036273,6.42892027260245,6.6735473280884765,6.609419904491193
porta_destino,9.476317988603217,9.600787495772932,9.274187293153068,9.38288750286451,8.57332870714762,8.614049288926998,8.581283607351693,8.438830694941156,8.413236544253502,8.384735883281904,8.23902111577517,8.301422117578102,8.24889656451036,8.019184856626822,8.1233615286018,8.185481741364011,7.9691437825576426,8.305386963037089,8.098299902547533,8.093880663442192,7.946652154462867,8.08763724091939,7.98872200162,8.133510196147215,8.008587444204238,8.085996655527874,7.885874929784638,8.181027805968911,8.117258976499322,8.090244375006204,8.050749469338239,7.7704523014988975,7.858093264934517,7.744691638310492,7.791126743108874,7.892970150941447,7.688232042224778,6.966781501500961,7.143148554566559,7.157567162005036,7.305490294105894,7.069153612127719,6.916167973938762,6.7450550139456205,6.8442009881021,7.858240605144941,7.123199570175803,7.068399245380333,7.3756099249233245,7.168048637240911,6.898141218457723,7.386879531869036,7.291780083617885,6.867242325302652,7.46756476643357,7.197196921726989,6.941441418075777,7.3414114502571595,7.168586528791217,7.110241875139054,7.083599354023406,7.449504908618947,6.286157698236615,7.591451243173541,7.258824928544786,6.597594517687828,7.512854603351289,7.508735812739508,6.932709609672076,7.46944018868118,7.176658315284299,6.690064492818373,7.356138114351963,6.563707606891189,6.860100333099807,7.362478607594483,7.308888176807536,6.797032721906816,7.366091761638613,9.054997206385826,8.557889079003774,8.528634917486846,8.179133820562004,7.573151878329947,7.740055925104195,8.263163763844016,7.062967021360526,8.05537322440045,8.177194548537067,7.196567965830027,8.217177301084241,7.829801218406807,7.769966764910705,9.453762596581225,8.87190903984048,8.017894890687232,8.693469163931143,8.883623140159823,8.358139537015317,8.769138645512372,8.648553952353247,8.497746412648949,8.84637809363257,8.66399777116865,8.478687309022385,8.64191172341769,8.779575704248375,8.510623106091003,8.684241229334063,8.791358361942503,8.846695048489654,8.71032097487695,8.9404778858783,8.765932856745216,8.775907298459755,8.985543812684591,8.749373373500001,8.84772220240194,8.717225186308497,8.281091016768537,8.515627540637837,8.445969211111008,7.913391205666244,8.532852222897207,8.577479509329532,8.478946660068686,9.028301921456565,9.97407384576382,9.736541061822372,9.808409764327818,9.670173977032505,9.69050130219899,9.402410263486585,9.900549079120324,9.557896636723248,9.574705992893199,9.77295580850262,9.413057412724829,9.723366624660086,9.571252014526532,9.563918319330424,9.487055544450346,9.59915907608902,9.48201402776693
porta_destino,9.159526621775193,8.802813261852357,9.009339467777883,8.973822788582908,8.942888772025354,9.108441162869713,8.922577475992703,8.781299982849973,8.790735336929153,8.826719148572,8.342226816954181,8.41485621961444,8.459162788934668,8.17807689362895,8.361178085590815,8.417810349431658,8.169921494258094,8.797860544717489,8.645058089447009,8.567276247474004,8.546302185748049,8.44445889879011,8.12624757545174,8.485207966012613,8.664002529065284,8.392113928332142,8.611849191826288,8.459273238263444,8.721274182382167,8.069299353183625,8.732089645411001,8.623354997631868,7.563791731376036,8.148402024159465,7.691560074969322,8.12961257227332,8.090142077125641,7.560764712688483,8.016196184303514,8.125598467208585,8.0316761956868,6.758975500179472,7.952452853031063,7.8108094331453755,7.0190788112249685,8.007353018931019,7.436744680325491,7.776564405287349,7.346624834875966,6.747832842471506,6.902483631806597,6.931723369944799,7.456566909629284,7.679887109680089,7.605714013998865,7.119186962949192,7.399133035455001,7.272006668507522,6.8640072794211076,7.318285816676265,7.813445792449078,6.966837045045527,7.285025621667381,7.290963629927125,6.736715058316632,7.109909835504991,7.319319752952389,7.224277210872158,7.202010260623328,7.769791029000957,7.216560703787413,7.157204184662043,7.678688864607342,7.261969067498785,7.2576154604985295,7.402022757073513,7.717201749613456,6.6858929480897915,7.708171135762969,7.550088896444576,7.048290372914968,7.617175372319981,6.981144079398912,7.0066323441166185,7.852365691982214,7.368625989663603,7.262073103720634,7.714732566585151,7.485314653719626,7.44334188397978,7.775764445798418,7.409037318349713,7.767457938115793,7.958121560644371,7.868451290686318,8.557983710739062,8.633249548861643,8.342719191178348,8.463434664614132,8.637347387134085,8.953042078568922,8.945686984383117,8.88107592897236,8.895153810323967,8.799699627547268,8.737148163799336,8.50843165834303,8.967612938042281,8.878014390427163,8.854148483720602,8.56659768086379,8.76537554739781,8.587579300318051,8.625619866879553,8.727803367769049,9.266197146808047,8.799019963820355,8.822973890651443,9.022769090670248,8.62759313908875,8.812942329250669,9.022356089806516,8.562967866343422,8.835606150568706,9.144383308450212,8.43822255861463,8.980534240655274,9.157894163710925,8.853728004540367,8.862445138558616,8.714492642918822,8.957348891476638,8.979869355722121,9.004243556429568,8.546769622452384,8.862375472939924,8.786748198407555,8.629894427199941,8.884351982325366,8.756661005490871,8.790326170826178,8.924019842553486,8.851292660985024,8.997012988420707
porta_destino,9.51369344132388,9.498744924874325,9.632684300808348,9.543773166937825,9.514333467514486,9.518886262405198,9.490207832158164,9.34807677080177,9.534290830369564,9.311421899025877,9.352034001488807,8.61707666973492,8.607710657648331,8.190511430813059,8.405414945731719,8.461795844885948,8.063899278198289,8.439498397873301,8.42569065220153,8.110931496115708,8.18232011525298,8.052647810485487,7.938637572398896,7.9571771397359425,8.244137765292724,7.890216521851057,8.09792119959029,7.953007443526649,7.777322028853328,8.049047401450387,8.089357810826028,8.447792191835166,8.145135685968587,7.867687367051264,7.5647759506078724,7.750412756848912,7.7439786085107185,7.372134222167578,7.619545704325533,7.758249851911303,7.040037971299208,7.606922578660005,7.4991322270831295,7.1793305583467495,6.857900133153293,7.560417688672537,7.552753928483981,6.974586452963633,8.441853882952095,7.9917163505343005,7.316969616569702,8.392583705971132,6.742402451796551,8.242141518783784,8.266745192975291,7.012430659529175,8.072614018939934,8.126065902061125,7.60783075543092,7.939353749015344,8.01217530870224,7.808611222971043,7.3148705234982465,8.211628428054363,7.951805881210348,7.358602787310303,8.269265670340772,7.947508792652194,7.5140606333661815,7.900543839336941,7.473019781845172,8.046669332326593,8.005708399082401,7.222804556960185,8.277071107373649,8.471715692611392,7.816925561907572,8.46384379894019,8.350186107471878,7.798900115184473,8.793262561227879,8.204904018882536,8.43582891302351,8.31038843246615,8.398761933155066,7.997051917281313,8.68107378363489,8.063099118733174,9.481893884802812,8.881662624438201,8.987321728990503,8.883270777472466,8.186860904085858,8.559971342817311,8.530423458093459,8.641017832410407,8.758719665578099,8.837018079831564,8.799853839539594,8.987794158259911,8.843309893899455,8.954076926540141,8.983888694897312,8.69602126956001,8.843803313120025,8.735881841057795,8.673721753862425,8.843468691609116,8.782319388415463,8.76681552693783,9.092972635006443,9.023863791111124,8.939723604308604,8.960956270141104,8.944633403228039,8.877122079047261,8.943457880605697,8.858411997800461,8.716953452155067,8.452660110803732,8.26237964667265,7.7818970512472,8.267056557544546,9.254342019339434,8.504876804460348,8.957838542958553,9.132807228775071,8.694828708477196,9.0553264086834,9.171663320341157,8.856250614262546,9.086861530782516,9.03675734855278,8.69826451719227,9.08291135784251,9.113216300098244,9.696132773902656,9.9836827451336,9.853838045653756,9.52106898305464,9.548124101470721,9.613486387183963,9.552159795505359,9.72322103031609
porta_destino,8.915135616803065,8.835144821472797,9.147833140334633,8.958967435784906,8.862556427113743,8.958047844394589,8.799463587480881,8.702642888654902,8.571985168103021,8.584305272776946,8.209086703376714,8.479207327157289,8.597792181008042,8.05262344446265,7.792525181866688,7.94247181534613,7.804926445309556,7.917287663071381,7.8193575271561215,7.906054389452749,7.854762368507002,8.126199430718819,8.043583856091354,7.958307288026603,7.8383187935277,8.107703815845912,8.029704232590246,8.036451706930878,7.865621260093333,7.883229772384172,8.197607231217278,7.822378535505905,7.845085354042512,7.843125429555844,7.860567828227893,7.615250615354516,7.6119194912113874,7.5553752276161195,7.4374451152704095,7.36050455195581,7.1519314476588605,6.613383573029558,6.583437853470905,6.547367268964826,6.638093747940266,7.167755588526263,6.856522005050378,8.132298561690074,7.581961836399892,7.30230953546072,7.272706211063657,7.59690333837619,7.3867591013268985,7.346393429823863,7.727861387943406,7.225360641631973,7.237708834286152,7.651012552405293,7.072928405315308,7.222272040367698,7.699995565912382,7.0608020521861325,6.956233616838134,7.5895885110983965,7.169310839797249,7.469896568949438,7.754628746272311,6.913517079123388,7.679049490667215,7.8800660172766275,7.305336821909183,7.4999840122420505,7.703198637180601,6.64552522976562,7.745473412547176,7.707109549466076,6.454435794497282,7.885519721301929,7.446152895664558,7.324535598641487,7.800549290449608,7.4625878691206475,7.4095598733820065,7.863735825038797,7.477136767682895,7.382166322634281,7.805739376941831,7.491801348041777,7.362753271725613,7.9532520471316905,7.541387622140076,7.651716484699161,7.924057816773258,8.130198850932732,8.562762005869446,8.735718830191963,8.567436851448129,8.655951553276074,8.814837804260764,8.79053985099781,8.856319820996097,8.712142799247816,8.77066244399396,8.895150928405801,8.309098603177263,8.839498859832366,8.776115930165107,8.393777923303785,8.892880023054753,8.813524135376705,8.52154831079565,8.928137253277868,8.87429899238366,8.77086124116041,9.002450400663392,8.961837322995862,8.757370923329448,8.941484589498367,8.896036613686416,8.42632885632909,8.700310703486092,8.335897080831776,8.203941695504938,8.735558232272707,8.56748948088776,8.980222260925203,9.170098361570286,8.84344502030171,8.872619429101453,9.098345203336072,8.917039715259419,9.021616398073263,9.134523176164835,8.861026044638121,9.068652524601081,8.982137654484928,8.941862778191117,8.962412412712455,9.131676996213537,8.929102696193613,9.027137280303336,8.89732762771205,8.898158382950854,9.135148731488627
porta_destino,9.140193406059137,8.828621301817432,8.90624137229667,8.881839889668635,8.699302876539747,8.985197618762017,8.959719488188297,8.564523136462068,8.761772654934902,8.698345510209176,8.056960058681621,8.785067481869246,8.683834276637286,8.114444651908753,8.69773856699213,8.584706005670245,8.210009586945768,8.604848336973207,8.921743742989829,8.35601458051643,8.667569517895027,8.81114785234286,8.057353237757676,8.621919218159837,8.813858719144621,8.261106660519046,8.708054669206957,8.261850391838616,8.122515103344384,8.326428900382266,8.235493061773841,8.123515717618599,8.171698277630496,7.5266063780376875,8.198716182766969,8.146946427530715,7.576278891329807,7.9577129302687215,8.26954443477034,6.9086770357638105,8.116196015588907,8.196841826326404,7.2382065201939465,7.899668753320642,8.118828374284465,7.464513517324739,7.648950543456807,7.401717222345709,7.7027092870584015,7.707564564709528,7.368213125030063,7.679017418623905,7.1100144475932465,7.3353453417193455,7.68952459529137,6.628699505120128,7.751902758288653,7.712549355708315,7.13634939658441,7.20332067961567,7.7123015353591615,7.263305222777657,6.785879671079616,7.79772296698196,7.260179225389872,7.5045816980925055,7.7325114321754995,7.699509057001699,7.340210937537703,7.710139788359803,7.455942286251718,7.146992957107571,7.835079398951343,7.210389190037553,7.4076281637671855,7.848489795487062,7.528779050296997,7.369628190604402,7.747892773956679,7.273673585226369,7.466096967089776,7.787810358787426,7.306193803446318,7.338952459450406,7.891510949461839,7.314159501930555,7.366059775432311,7.811338175911789,7.342757728901033,7.660938525759421,7.618957996305167,7.978351389701457,7.792946738781071,8.240584350760521,8.084842222360452,8.845573401838587,8.471182773038045,9.296342068558026,8.772092201429189,9.005717831483826,8.915217358303071,8.553017290348103,8.988961110041839,8.904553760909462,8.886578317637664,8.894723456491231,9.097549466661805,8.626831795280674,8.788272632668846,9.096296445187434,9.078862218431304,9.071060609056357,9.037832675072538,9.23102639876206,9.031225763041423,8.970925413959131,9.112968327578997,8.920231397065693,8.922381359500907,9.020018854490015,8.619448979712665,8.946096600596809,8.725342776452269,8.71731676648116,9.13604130132315,8.482374337366931,8.80804137176173,8.994542031446821,8.719853127083718,8.89984824271543,9.050407409300641,8.742660455645508,8.930317546819007,8.942926197433168,8.935224182675105,8.878010978348046,8.942783090851929,9.242340901897473,9.145043967784616,9.008098429413877,9.176242042494938,9.4927020568765,8.966315436391806,9.146150377721538
porta_destino,6.84478891926596,8.329325101640247,8.557293006218076,6.348903161089938,8.639601761374122,8.466728457106754,6.841098652075745,8.370552556729585,7.876314119557918,7.892012313680363,8.574984440232845,7.521830457449794,8.18810785091283,8.560366211729248,7.9160801704488435,7.745648008385488,8.49401293044172,7.250685404675096,8.23962268317857,8.434348446229341,7.1874129774199815,8.162397907339232,8.594509002042402,8.458157812273132,7.086637104395218,8.356258022322777,8.400496381180925,6.533129905040294,8.440957734038701,8.12221526221471,7.34197978707554,8.40144308845092,8.479771235606862,7.049876212413812,8.454805973652412,8.045939621065129,7.4034195698785075,8.464392125470088,8.057731962325622,7.406039753179152,8.516047836425765,8.072463041782303,8.451141447627405,7.3608874019289585,8.080211777625943,8.496127480134875,7.357827114634877,9.049368162383647,7.9052372155677775,7.842490337042259,8.617957568181339,8.022212293077908,7.618550440713911,8.291575983698959,8.100743980037116,7.4600544495284655,8.152386215307432,7.387792467545494,8.43627883991369,8.048850108959853,7.292542103925973,8.479965768398014,8.115584122025519,7.389639143434034,8.418015274711436,8.128463446822762,7.694205178892106,8.118820286435282,7.904402509068477,7.472350150731566,8.364888281806923,7.558830644201579,7.185140134485545,8.585059233920317,8.026616472775897,7.3364590416018,8.566384288377467,7.954481346405562,7.20606427820369,8.486161049619577,8.192757919090056,7.0139601018997135,8.474078220295734,8.649604344928374,6.434502973025111,8.618084789906764,8.566967107290722,6.3008249650823425,8.568899088948621,8.098314789464272,7.401937162655009,8.526695389450591,8.249475045054783,7.5701240859262064,8.533860838244376,8.361919007100585,7.974765766729951,8.29014108539037,8.185616403913054,8.031219009083896,8.466687560639452,8.341245330493244,8.207554956417498,8.472326896388205,8.353665748731617,8.382574285322598,8.480467819113054,8.222845049542055,7.663719639897658,8.565808993440008,7.5171466086241985,8.184707083136159,8.469342440345867,7.114017690905774,8.38362250722335,8.215298496791824,7.70853876119545,8.251952055714769,8.416183090371069,7.504775506079649,8.125889915054518,8.345285341421938,8.30103243888832,7.111759903583595,8.45141810298701,8.24606551009032,7.403480449516727,8.53664024966681,8.31731215143189,7.417375984675023,8.56107465193621,8.526570142411755,6.822241246624359,8.639169963561999,8.52550912380064,6.633101411767423,8.548014306115252,8.567998538237626,6.650533892812353,8.568903427782526,8.541910609615734,7.24229001713921,8.32248943563342,8.609916385620076
porta_destino,8.567959860752579,6.517841464623362,8.501152162813092,8.621353675970836,6.634447520222109,8.586061555404598,8.415975072206173,7.407520992065308,8.175598600638926,8.532449953315723,6.781196312575585,8.527932468690354,8.545771429788253,6.811088127306901,8.562963416113494,8.493552122665058,6.702280058016338,8.515883348933649,8.326559521537483,7.8213187357032545,8.28811536611559,8.158810902160582,7.453734803198028,8.122560919867043,8.534295429086715,6.967386202510003,8.559473896231848,8.592630648191806,6.592351428202767,8.560739746459326,8.483916853577245,6.801887782926128,8.522206042660773,8.237697286057726,7.257472631355195,8.550169431419832,8.595333480969078,6.7398469355374075,8.418009952805223,8.236916066980728,6.504180257876654,8.400585497276833,7.99140502437561,7.543269621299678,8.403995224234048,7.816372531546722,7.608360474716487,7.349925728635897,7.973431490574776,8.371481359907948,7.283897381598267,8.298645316525485,8.099769262010202,7.336548723338677,8.316207240208808,8.297602561950079,7.149058214315356,8.189562965466934,7.988488865497107,7.782512834351111,8.04807043939217,7.7640706510895034,7.878494752833074,8.097970977879651,7.006811938087988,8.56990296751409,8.090340238178142,7.312840173509414,8.610515467447286,8.226448933457553,7.213385253069223,8.146563082115787,7.836651460145527,7.218391464468047,8.31425634568452,8.045062219856089,7.133086326207034,8.414496122300903,8.095388565026955,7.189043527753537,8.352906116460797,8.15607821703845,7.3233331439164235,8.576718847658112,8.173466258063321,7.334197288139656,8.56902864056833,8.08011358055779,7.355164735609223,8.587807961650192,8.222358019530938,7.3623005082136235,8.570225184083718,8.566087521931872,7.040877391226177,8.342973729118839,8.59235115464598,6.6329324748153935,8.617876699938169,8.49337722367219,6.857827349785143,8.623861118379738,8.50682471981408,6.4177968780949115,8.63440881135118,8.693116507001463,6.497790649229952,8.517521380081256,8.636672125251687,6.72750866103157,8.614017897931797,8.445788047573236,7.1203300257869335,8.571688351990597,8.006570679596278,7.5849782050285866,8.574836111442979,8.181008348961242,7.332968744894525,8.559694953949464,8.176280131812849,7.439699235863577,8.70370193615291,7.861020969693535,7.92107523484807,8.662643965547899,8.171815578223141,7.499631330622758,8.518692485138216,8.210451477666613,7.154913925407723,8.61228523598831,8.234544294088737,7.414869708677684,8.578072503659092,8.395668494478372,7.272603117482084,8.605355453262307,8.201629451098109,7.399725975303067,8.488833362505389,8.241282582479727,7.820915318559849,8.058298296727259
porta_destino,9.431577032988884,9.205535440257034,9.198299389035268,8.914721196914607,8.803022987304605,8.882069814293745,8.81349983324773,8.597380363055532,8.663542798535698,8.543138708237445,8.367842289489063,8.742795690619852,8.43384899614113,8.364951957432648,8.640735517627661,8.41624864735109,8.203518685178473,8.491153464260776,8.501860020699471,8.318426896768639,8.491467100177596,8.38675827219571,8.389222646306148,8.456863542429874,8.271855265276757,8.416699563821533,8.266798786862287,7.854750102195825,8.447636135560185,7.980700625456767,7.763085247356464,7.9688680905749205,7.828827886882433,7.9764198289376775,8.044437661237447,7.416261142770527,7.781609973435567,7.604208215683137,7.234010521975456,7.47643450898008,7.767482391625442,6.887915622026807,7.3517308225543125,7.4283305198043585,6.9934703466955055,7.1896436980224925,7.4310372544358865,8.46845304139253,7.1417047825639175,8.358378723861362,8.403002513613544,7.455721042180848,8.091671882828113,8.58725246912704,8.064481284947318,7.609723004687517,8.204945042102066,7.682243602097347,7.734202386242329,8.625152725675143,6.5173832724920455,8.395929162640153,8.3182047559392,7.893763800157979,8.536326490240361,8.856108549885679,7.178344121427353,8.209833987333576,8.760983599899728,6.3384655888773045,8.782641605513103,8.515016555613974,6.546252675932032,8.757549467883626,8.746136403268142,8.51656927234237,9.216378286288046,9.089273465073507,7.706576225912207,8.891087566719895,8.809173475389148,7.161069687776778,8.677763121365995,8.542384604510909,7.265860575738473,8.710568266373112,8.783044507400154,6.4805371184197025,8.921460674144663,8.884141959090488,6.868362355743527,8.620469995388014,8.47739132692814,8.018587305860873,8.645584625248048,8.640099352594321,8.423462230873904,8.937553041338365,8.816152468139475,8.551897739400342,8.808584961497537,8.872693407799296,8.667022344696822,8.714157382544009,8.802243736045735,8.847090430472358,8.811139565928611,8.949468301660309,8.706681006733035,8.701184912600727,8.933535161312085,9.257352790657214,8.971631397174123,9.265237206056753,9.082180093631171,9.071673444562293,9.187752367263592,8.906953379484802,9.007378632757534,9.002883972494882,9.094274839696036,8.366585256348133,9.084354446038393,10.042078903392174,9.57910632025968,9.550759747415203,9.796590544234423,8.849632330978105,9.063663636321706,9.131428002088533,8.691477839017034,9.139190545326812,9.060970236162014,8.725672137853044,9.090400865603355,8.9379861604161,8.987019306270877,9.18648573776271,9.186180200069106,9.067443449001797,9.217091816280918,9.017655036065834,9.110081979371552,9.158683343759094
porta_destino,9.016973818577554,9.498508934484487,9.61564745992682,9.542043718292982,9.503201125719556,9.443858093164982,9.591525631791278,9.335310891431147,9.935479091472402,9.83080059544166,9.514723118866383,9.54031809597284,9.410879993986628,8.803097093509386,8.193687923970144,7.971332196350193,8.250549982997606,8.58639759709414,8.548025255752416,8.489068302386299,8.383277239949777,8.231475655664209,8.306879727163302,8.215536426761318,8.304930629820992,8.253308899688188,8.214245300084409,8.206453263596213,8.303845593233289,8.121346010471207,8.181891431414138,8.330265719590223,8.280343506853928,8.080390720016553,8.410748645604826,8.391468117133659,7.743342691462887,8.399855300664113,8.313004376914735,7.632924403932193,8.251273574418478,8.149951649694406,6.970014524915887,8.044366856597323,7.977042395464642,6.8721792932522785,7.947780068137502,7.532265149025347,7.240219839484372,7.0218363097480605,8.596214308569161,7.949102009674531,7.896096986687455,8.596621246441751,7.8282703936430975,7.921177533466383,7.5968145930186814,8.641075416848233,7.376878322776142,7.527685317829904,8.51709038610456,7.356678587938182,8.062533650608845,8.432783086979608,7.803950155061785,8.000127608415067,8.203457344440734,8.24765831947844,7.641520980720418,8.793003176727856,7.899406694420319,8.047202394253977,6.4906548090620815,7.454713780284963,7.07275253085083,6.6524030758772925,7.673960951275459,8.554651508805255,6.955082154725073,8.668524149759357,7.982654822463466,6.954391387766763,7.770932577770496,8.333277858258006,7.610603621526582,7.871864762654263,7.916380759356838,9.024749399311288,9.000754307615956,9.454716272582344,8.14852034544268,7.498261065693381,8.620259741275607,7.909990640624041,8.424175068831476,8.427216029738059,8.709256067621697,8.522618856747973,9.85388850062391,9.560562976843896,9.666949466274874,9.549407373425248,9.453257259503449,9.340873615552436,9.682367231127982,9.622342819424857,9.399648531098237,9.504725927605136,9.432450191877386,9.3014572953123,9.28147494943282,9.240993259985236,9.43555428483076,9.29717940401764,9.273613760584869,9.33364480368009,9.255315128514797,9.363951197328015,9.209417593012292,9.214162112538546,7.992451490982747,8.617392745337321,8.499462005217742,8.219238372783913,9.014506561266025,9.450469506201587,8.958044112173056,9.423332145992651,9.248560013206793,9.166407255816328,9.171934797085088,9.539358796208298,9.534421172791738,9.354705129626216,9.500152148922838,10.221238934915224,10.126897140313536,10.247649674895502,9.561515397654741,9.346287999093953,9.681615011593166,9.573925987843953,9.360244609533208,9.189779171965926
porta_destino,8.919466469634008,9.047115729920085,8.979523665168403,8.966558833768087,9.033982452628392,8.953374462756999,8.892612944631868,9.073686480381152,8.762754167308541,8.71581816877275,8.950498433365304,8.707976417683787,8.660504932765893,8.969380888821771,8.460154220929805,8.728544280864417,8.584911793347754,8.580747112791133,8.588721993801434,8.671705165425504,8.668212268598031,8.581720006414901,8.445821144335966,8.80348439415185,8.575162821003183,8.384495718170681,8.717071095060179,8.528403728143353,8.44275459499627,8.503879140106331,8.701310645736855,8.381538993901977,8.653773141298094,8.668079157012317,8.312683627640872,8.426771719525473,8.502038044469158,8.461325955826222,7.671422921214856,8.501976871892769,8.542098276948003,7.780552880708793,8.45295413283831,8.220811321149313,7.7190551703015755,8.273761341740245,8.240350590883638,8.106140366980773,7.968533806482044,8.163245761370577,8.787255812627448,8.643282466787571,8.696861940150857,8.553316867597406,8.487965786526816,8.691307444445746,8.703835801425601,8.256823436605359,8.927080655232906,8.753473008896782,8.508932867728458,8.463617025393528,8.050668368806228,7.4907309547499965,7.919795602251867,7.982226037843223,8.098047965087488,6.824240249983653,8.098838177186044,7.38503109398312,7.875028468569451,8.061505002458537,7.377375922386562,7.69669065127269,8.090121771817316,7.387747289171032,7.843424584787376,9.03751306183975,8.675665056754639,8.012513425302213,9.028540888514687,7.954622038610164,9.101899269248538,8.202235478635332,8.501284276640751,8.025536197289405,7.7801599040504374,8.616346595698023,7.8312665762121725,7.754567652958452,8.226007869388935,8.33418189332624,7.71983582768472,8.441504632283825,8.692988160358032,8.575497828728313,9.03422067887041,9.221575605926905,9.38634925273546,9.51647253466228,9.57984892305356,9.42079875617582,9.67258815002941,9.711180080652364,9.729758251617463,9.709789774394356,9.875668194207137,9.80715630350317,10.007280618406698,9.313219047069364,8.798371157067482,8.872029546321576,8.907429067421402,8.81814234834417,8.896712859131126,8.757670612115726,8.737483793871748,8.823733225996444,8.797854165117254,8.333238565028982,8.509777213272097,8.45059410500435,8.252105220572739,8.590922103381118,8.656839284094962,9.734519436947618,9.932549626185116,9.817847863195812,9.541399098091803,9.471218195072096,9.623136045742301,9.256943158642633,9.440147987497891,9.055174650787393,9.031444432214164,9.154922753905485,8.970505092122025,8.951767448845178,9.16579551494407,8.954463337710422,8.870547943568644,9.136892518047077,8.821192421862623,8.922702047754713
porta_destino,9.118525281747925,8.843830002992304,9.021174549017848,9.023916236314511,8.850743604517136,8.97745821963032,8.90488317751916,8.792038926338982,8.397035799259369,8.393403963040512,8.139117463069741,8.364444273299497,8.288369402612561,8.282226571396611,8.065562639967956,8.34336123231085,8.288635770149996,8.132928068439345,8.308364488953579,8.256666383729545,8.17979109952882,9.130243199585047,8.244575823099039,8.126156796410026,8.31687918318082,8.380898046147484,8.115169792802785,8.313650700665557,8.211950202663926,7.9572084763020285,8.93637334346745,10.063170966675642,10.0631726856314,9.723006418307543,7.8210212875061025,7.546102291704763,7.692995902222785,7.817894735244737,7.293957233604813,7.480810858212227,7.541778212649556,7.017713838584252,7.4235932598947825,7.262408163608862,7.135060122236326,7.420492462630949,7.168099748390025,7.595152559932357,8.370327135547749,8.078927319543036,7.531318450899272,8.382955118458181,8.23253131329272,7.754825047624672,8.113753403303074,8.380385524314963,7.930242946568617,7.3146343942958305,8.035408274431347,7.998044854690884,7.583235439868755,8.224933101230869,7.7519921632715265,8.585868280947187,8.238824791877864,7.615560743661796,8.789325756899911,8.210050222683549,8.033745587518165,8.92550439738732,8.36536155408383,7.731451824864191,8.625698736684603,8.312852830713126,7.928751864250591,8.59004185465772,8.305397868400162,7.94353168162902,8.622280050030978,8.455481915380702,7.987470990156693,8.726542858446583,8.247980896653923,7.8052192667630305,8.491120905616137,8.024599847836756,8.165564147449944,8.198616065235719,7.91197411185014,7.889711990208112,8.462986077224683,8.015050990446856,8.200564617868215,8.57438000291502,8.307643020044331,8.569754849342347,8.686897685478247,8.652275383115244,8.513927156946966,8.500381939765077,8.6612403822844,8.50889340890019,8.700312883115467,8.736054770750227,8.459580528969024,8.599923708603521,8.631996827242464,8.787320067394928,8.644797689687367,8.949088675919443,8.950835663804703,9.015151154528331,8.981737305539689,8.855873644835182,9.082487964886504,8.997405355140184,8.930719912957583,9.103041744380624,8.89083188123274,8.481403426413397,8.801414310368212,8.716578816193797,8.223570433013286,8.645758750696439,8.610598333512486,8.757150545753031,8.841242837750732,9.206682121143931,9.17350041834576,9.225839612861714,8.840128703079099,8.905693459607766,9.073247322749317,9.004604093155717,8.88599945216439,9.072255812368338,8.787099869573415,9.09666721860049,9.021888955638893,8.798690776408076,8.9399005748512,9.00497666054932,8.691638814753892,8.980442924987894
porta_destino,8.807425763123106,8.910066925697937,9.84922151638002,9.717919027387724,9.821920208030699,9.798654837400386,10.122365192863409,9.889656653795932,10.193182335767244,9.980180004281152,9.801153532360797,10.179964112479093,9.878877082572306,10.18988703487374,10.102693646820654,10.282708248291936,10.010574008972627,10.385321909040993,9.854542746414252,9.781538870987886,10.052483261081207,9.862142699593386,9.83266852713084,10.180067725370577,10.369561790891948,9.95091178115902,10.47792127573007,10.016538485358446,9.694447702096808,9.963536487087357,9.888279671211997,9.836967344934036,9.5956823602,7.474822262413786,7.502319763126828,7.400540189199061,7.606411909895673,7.234464947193349,7.1083614657634895,6.872903835994119,7.165680676863798,6.900582768817178,6.9599665072033625,6.683808726049907,6.746123045391876,6.739263972209389,6.79554536837068,7.031598350212388,6.8235873929550905,6.64174079701557,7.043305280152566,6.928544792198848,6.996129800243553,6.720058178888697,6.699922325067116,6.639418089626714,6.70368814085927,6.753286845423608,6.848336051522013,6.712852785060173,6.783685445061799,6.69735883999943,7.165026824221889,6.978178403451168,6.953291000497139,6.963526189542287,6.856394907334657,6.636252980531858,6.5967993121334505,6.87338308210812,6.919981877061787,7.042569185351148,6.767539718841102,6.899993435974463,6.82140064247733,6.938316340844537,6.81420326866938,6.693292829622158,6.866615055917632,6.818571015727307,6.853930905865544,7.115847044777618,6.862490540554893,6.895569898394937,6.938257806005818,6.861235221027242,6.7006049424476375,6.640297749952898,6.886169510215187,6.8833379449223555,6.920449115035068,6.979499239878748,7.137088691406963,7.545124895752267,7.657558863558759,7.7566308755596305,8.135370114213783,8.299086727093261,9.025466942947428,8.818788824244528,8.85904663883099,8.787068874798486,8.933286051912818,8.682909678092647,8.797164152228996,8.459222384823468,8.417980790957422,8.830533021882529,8.478996128618302,8.844486223243157,8.995405010662957,8.925019710973652,8.787699195248846,8.911644385767596,8.85326343232413,8.864277512754787,8.856326036597821,8.79883237000703,8.711933785280419,8.535608549570636,8.774794035692706,8.449466496621483,8.645003476773416,8.202798565672701,8.172130566025261,8.46621584568351,8.501002378584008,8.593823175477151,8.595014347535823,8.718238916157311,8.72214904469756,8.703950979810251,8.789436389669923,8.750100566399084,8.813364037585856,8.723764044100975,8.669616566288845,8.670237762041044,8.678470115974742,8.669181334139674,8.561715025783654,8.723665977766169,8.715232239579723,8.79218523033497
porta_destino,6.943807642933582,6.581028224671988,7.167454164121375,6.874687607258082,6.921309491990083,6.763783604637189,6.835394550002383,6.7003400448079375,6.7710910771964485,6.793206508833336,6.690915029717063,6.956869690204424,6.8758026913570305,6.69381242415259,6.756649970571326,6.794260621116197,6.7822762526581775,6.996004508489057,6.7710379996640935,6.8429031373825815,6.872189615463319,6.706542564468276,6.7148664358697685,6.940166460568968,7.02866828154916,6.619073934160889,6.690903086267446,6.568222969775587,6.688184542783684,6.669737331646755,6.884891116052509,6.641842455477139,6.5410690400111795,6.474581174523281,6.885481251359901,6.920868991465887,6.8769312305904675,6.769936058739772,6.679497537425403,7.058968047369043,6.958735352145138,6.769156748323491,6.905747410031434,7.079305892218045,6.914294248882334,6.463087019190979,6.513408203234178,6.7447516078375,6.863843371627025,6.682240811014793,6.776175360080928,6.677339984036712,6.511135256993482,6.540986035105949,8.278052864839665,6.446224192477535,6.419773390975871,6.493584147762723,6.659443828720947,6.647385329181748,6.656562707921005,6.482727706086237,6.490574980014174,6.6631666808410595,6.764277926556815,6.519723429432228,6.6596308286366135,6.4747793361527375,6.4560013539839085,6.408265185065532,6.476103976506455,6.8571787592107665,6.513201056709961,6.4688653181752525,6.46294301004104,6.41554026292129,6.51286804313754,6.586327669872879,6.856814522589373,6.764239336841046,6.745614928701987,6.617099136631602,6.8296567154487775,6.79488625503641,6.845929414354925,6.716108338157357,6.636709999878929,6.710771444822758,6.629841564717273,6.881288595633374,6.8352152274110685,6.686844435706216,7.486474386269447,7.4445877456786524,6.711179253147707,7.045576796627342,7.325382842717405,7.393542551919216,7.4633595685115335,7.126645552322666,7.530603431064372,8.441170225916764,8.513580438529129,7.509602906296327,7.597772892292651,7.749779431160578,7.643758695747273,7.785158026479237,7.63450967780805,7.458903702091353,7.341178028940579,7.381534117138539,7.490324640740098,7.548131030961213,7.500848701737884,7.478593283025233,7.365135676256826,7.441880733055532,7.334015691281606,7.117808063568287,7.191219441415777,7.277844104567393,6.9100127801006215,7.106008733285719,7.214774470664244,7.117722868631492,7.076795237723153,6.742653796734795,6.719492598956577,6.674219898881228,7.002744269069967,7.023350741970947,7.087132312449088,7.036319148071363,6.991985219590628,7.008359088087869,6.956638239329928,7.110202212689551,7.062297455191448,6.9675922682851334,6.9647615808964956,7.079718403544673,6.9098999338037626,6.8937579813397125
